Prism Launcher version: 10.0.5 (official)


Launched instance in online mode

login.microsoftonline.com resolves to:
    [20.190.141.32, 20.190.141.33, 20.190.141.34, 40.126.13.8, 40.126.13.9, 20.190.141.39, 20.190.141.35, 20.190.141.38]


session.minecraft.net resolves to:
    [150.171.110.138]


textures.minecraft.net resolves to:
    [150.171.110.138]


api.mojang.com resolves to:
    [150.171.110.137]


Minecraft folder is:
C:/Users/********/AppData/Roaming/PrismLauncher/instances/1.21.11(1)/minecraft


Java path is:
C:/Users/********/AppData/Roaming/PrismLauncher/java/java-runtime-delta/bin/javaw.exe


Java is version 21.0.7, using 64 (amd64) architecture, from Microsoft.


Main Class:
  net.fabricmc.loader.impl.launch.knot.KnotClient

Native path:
  C:/Users/********/AppData/Roaming/PrismLauncher/instances/1.21.11(1)/natives

Traits:
traits feature:is_quick_play_multiplayer
traits feature:is_quick_play_singleplayer
traits FirstThreadOnMacOS
traits XR:Initial

Libraries:
  C:/Users/********/AppData/Roaming/PrismLauncher/libraries/org/lwjgl/lwjgl-freetype-natives-windows-arm64/3.3.3/lwjgl-freetype-natives-windows-arm64-3.3.3.jar
  C:/Users/********/AppData/Roaming/PrismLauncher/libraries/org/lwjgl/lwjgl-freetype-natives-windows-x86/3.3.3/lwjgl-freetype-natives-windows-x86-3.3.3.jar
  C:/Users/********/AppData/Roaming/PrismLauncher/libraries/org/lwjgl/lwjgl-freetype-natives-windows/3.3.3/lwjgl-freetype-natives-windows-3.3.3.jar
  C:/Users/********/AppData/Roaming/PrismLauncher/libraries/org/lwjgl/lwjgl-freetype/3.3.3/lwjgl-freetype-3.3.3.jar
  C:/Users/********/AppData/Roaming/PrismLauncher/libraries/org/lwjgl/lwjgl-glfw-natives-windows-arm64/3.3.3/lwjgl-glfw-natives-windows-arm64-3.3.3.jar
  C:/Users/********/AppData/Roaming/PrismLauncher/libraries/org/lwjgl/lwjgl-glfw-natives-windows-x86/3.3.3/lwjgl-glfw-natives-windows-x86-3.3.3.jar
  C:/Users/********/AppData/Roaming/PrismLauncher/libraries/org/lwjgl/lwjgl-glfw-natives-windows/3.3.3/lwjgl-glfw-natives-windows-3.3.3.jar
  C:/Users/********/AppData/Roaming/PrismLauncher/libraries/org/lwjgl/lwjgl-glfw/3.3.3/lwjgl-glfw-3.3.3.jar
  C:/Users/********/AppData/Roaming/PrismLauncher/libraries/org/lwjgl/lwjgl-jemalloc-natives-windows-arm64/3.3.3/lwjgl-jemalloc-natives-windows-arm64-3.3.3.jar
  C:/Users/********/AppData/Roaming/PrismLauncher/libraries/org/lwjgl/lwjgl-jemalloc-natives-windows-x86/3.3.3/lwjgl-jemalloc-natives-windows-x86-3.3.3.jar
  C:/Users/********/AppData/Roaming/PrismLauncher/libraries/org/lwjgl/lwjgl-jemalloc-natives-windows/3.3.3/lwjgl-jemalloc-natives-windows-3.3.3.jar
  C:/Users/********/AppData/Roaming/PrismLauncher/libraries/org/lwjgl/lwjgl-jemalloc/3.3.3/lwjgl-jemalloc-3.3.3.jar
  C:/Users/********/AppData/Roaming/PrismLauncher/libraries/org/lwjgl/lwjgl-natives-windows-arm64/3.3.3/lwjgl-natives-windows-arm64-3.3.3.jar
  C:/Users/********/AppData/Roaming/PrismLauncher/libraries/org/lwjgl/lwjgl-natives-windows-x86/3.3.3/lwjgl-natives-windows-x86-3.3.3.jar
  C:/Users/********/AppData/Roaming/PrismLauncher/libraries/org/lwjgl/lwjgl-natives-windows/3.3.3/lwjgl-natives-windows-3.3.3.jar
  C:/Users/********/AppData/Roaming/PrismLauncher/libraries/org/lwjgl/lwjgl-openal-natives-windows-arm64/3.3.3/lwjgl-openal-natives-windows-arm64-3.3.3.jar
  C:/Users/********/AppData/Roaming/PrismLauncher/libraries/org/lwjgl/lwjgl-openal-natives-windows-x86/3.3.3/lwjgl-openal-natives-windows-x86-3.3.3.jar
  C:/Users/********/AppData/Roaming/PrismLauncher/libraries/org/lwjgl/lwjgl-openal-natives-windows/3.3.3/lwjgl-openal-natives-windows-3.3.3.jar
  C:/Users/********/AppData/Roaming/PrismLauncher/libraries/org/lwjgl/lwjgl-openal/3.3.3/lwjgl-openal-3.3.3.jar
  C:/Users/********/AppData/Roaming/PrismLauncher/libraries/org/lwjgl/lwjgl-opengl-natives-windows-arm64/3.3.3/lwjgl-opengl-natives-windows-arm64-3.3.3.jar
  C:/Users/********/AppData/Roaming/PrismLauncher/libraries/org/lwjgl/lwjgl-opengl-natives-windows-x86/3.3.3/lwjgl-opengl-natives-windows-x86-3.3.3.jar
  C:/Users/********/AppData/Roaming/PrismLauncher/libraries/org/lwjgl/lwjgl-opengl-natives-windows/3.3.3/lwjgl-opengl-natives-windows-3.3.3.jar
  C:/Users/********/AppData/Roaming/PrismLauncher/libraries/org/lwjgl/lwjgl-opengl/3.3.3/lwjgl-opengl-3.3.3.jar
  C:/Users/********/AppData/Roaming/PrismLauncher/libraries/org/lwjgl/lwjgl-stb-natives-windows-arm64/3.3.3/lwjgl-stb-natives-windows-arm64-3.3.3.jar
  C:/Users/********/AppData/Roaming/PrismLauncher/libraries/org/lwjgl/lwjgl-stb-natives-windows-x86/3.3.3/lwjgl-stb-natives-windows-x86-3.3.3.jar
  C:/Users/********/AppData/Roaming/PrismLauncher/libraries/org/lwjgl/lwjgl-stb-natives-windows/3.3.3/lwjgl-stb-natives-windows-3.3.3.jar
  C:/Users/********/AppData/Roaming/PrismLauncher/libraries/org/lwjgl/lwjgl-stb/3.3.3/lwjgl-stb-3.3.3.jar
  C:/Users/********/AppData/Roaming/PrismLauncher/libraries/org/lwjgl/lwjgl-tinyfd-natives-windows-arm64/3.3.3/lwjgl-tinyfd-natives-windows-arm64-3.3.3.jar
  C:/Users/********/AppData/Roaming/PrismLauncher/libraries/org/lwjgl/lwjgl-tinyfd-natives-windows-x86/3.3.3/lwjgl-tinyfd-natives-windows-x86-3.3.3.jar
  C:/Users/********/AppData/Roaming/PrismLauncher/libraries/org/lwjgl/lwjgl-tinyfd-natives-windows/3.3.3/lwjgl-tinyfd-natives-windows-3.3.3.jar
  C:/Users/********/AppData/Roaming/PrismLauncher/libraries/org/lwjgl/lwjgl-tinyfd/3.3.3/lwjgl-tinyfd-3.3.3.jar
  C:/Users/********/AppData/Roaming/PrismLauncher/libraries/org/lwjgl/lwjgl/3.3.3/lwjgl-3.3.3.jar
  C:/Users/********/AppData/Roaming/PrismLauncher/libraries/at/yawk/lz4/lz4-java/1.8.1/lz4-java-1.8.1.jar
  C:/Users/********/AppData/Roaming/PrismLauncher/libraries/com/azure/azure-json/1.4.0/azure-json-1.4.0.jar
  C:/Users/********/AppData/Roaming/PrismLauncher/libraries/com/github/oshi/oshi-core/6.9.0/oshi-core-6.9.0.jar
  C:/Users/********/AppData/Roaming/PrismLauncher/libraries/com/google/code/gson/gson/2.13.2/gson-2.13.2.jar
  C:/Users/********/AppData/Roaming/PrismLauncher/libraries/com/google/guava/failureaccess/1.0.3/failureaccess-1.0.3.jar
  C:/Users/********/AppData/Roaming/PrismLauncher/libraries/com/google/guava/guava/33.5.0-jre/guava-33.5.0-jre.jar
  C:/Users/********/AppData/Roaming/PrismLauncher/libraries/com/ibm/icu/icu4j/77.1/icu4j-77.1.jar
  C:/Users/********/AppData/Roaming/PrismLauncher/libraries/com/microsoft/azure/msal4j/1.23.1/msal4j-1.23.1.jar
  C:/Users/********/AppData/Roaming/PrismLauncher/libraries/com/mojang/authlib/7.0.61/authlib-7.0.61.jar
  C:/Users/********/AppData/Roaming/PrismLauncher/libraries/com/mojang/blocklist/1.0.10/blocklist-1.0.10.jar
  C:/Users/********/AppData/Roaming/PrismLauncher/libraries/com/mojang/brigadier/1.3.10/brigadier-1.3.10.jar
  C:/Users/********/AppData/Roaming/PrismLauncher/libraries/com/mojang/datafixerupper/9.0.19/datafixerupper-9.0.19.jar
  C:/Users/********/AppData/Roaming/PrismLauncher/libraries/com/mojang/jtracy/1.0.37/jtracy-1.0.37.jar
  C:/Users/********/AppData/Roaming/PrismLauncher/libraries/com/mojang/jtracy-natives-windows/1.0.37/jtracy-natives-windows-1.0.37.jar
  C:/Users/********/AppData/Roaming/PrismLauncher/libraries/com/mojang/logging/1.6.11/logging-1.6.11.jar
  C:/Users/********/AppData/Roaming/PrismLauncher/libraries/com/mojang/patchy/2.2.10/patchy-2.2.10.jar
  C:/Users/********/AppData/Roaming/PrismLauncher/libraries/com/mojang/text2speech/1.18.11/text2speech-1.18.11.jar
  C:/Users/********/AppData/Roaming/PrismLauncher/libraries/commons-codec/commons-codec/1.19.0/commons-codec-1.19.0.jar
  C:/Users/********/AppData/Roaming/PrismLauncher/libraries/commons-io/commons-io/2.20.0/commons-io-2.20.0.jar
  C:/Users/********/AppData/Roaming/PrismLauncher/libraries/io/netty/netty-buffer/4.2.7.Final/netty-buffer-4.2.7.Final.jar
  C:/Users/********/AppData/Roaming/PrismLauncher/libraries/io/netty/netty-codec-base/4.2.7.Final/netty-codec-base-4.2.7.Final.jar
  C:/Users/********/AppData/Roaming/PrismLauncher/libraries/io/netty/netty-codec-compression/4.2.7.Final/netty-codec-compression-4.2.7.Final.jar
  C:/Users/********/AppData/Roaming/PrismLauncher/libraries/io/netty/netty-codec-http/4.2.7.Final/netty-codec-http-4.2.7.Final.jar
  C:/Users/********/AppData/Roaming/PrismLauncher/libraries/io/netty/netty-common/4.2.7.Final/netty-common-4.2.7.Final.jar
  C:/Users/********/AppData/Roaming/PrismLauncher/libraries/io/netty/netty-handler/4.2.7.Final/netty-handler-4.2.7.Final.jar
  C:/Users/********/AppData/Roaming/PrismLauncher/libraries/io/netty/netty-resolver/4.2.7.Final/netty-resolver-4.2.7.Final.jar
  C:/Users/********/AppData/Roaming/PrismLauncher/libraries/io/netty/netty-transport-classes-epoll/4.2.7.Final/netty-transport-classes-epoll-4.2.7.Final.jar
  C:/Users/********/AppData/Roaming/PrismLauncher/libraries/io/netty/netty-transport-classes-kqueue/4.2.7.Final/netty-transport-classes-kqueue-4.2.7.Final.jar
  C:/Users/********/AppData/Roaming/PrismLauncher/libraries/io/netty/netty-transport-native-unix-common/4.2.7.Final/netty-transport-native-unix-common-4.2.7.Final.jar
  C:/Users/********/AppData/Roaming/PrismLauncher/libraries/io/netty/netty-transport/4.2.7.Final/netty-transport-4.2.7.Final.jar
  C:/Users/********/AppData/Roaming/PrismLauncher/libraries/it/unimi/dsi/fastutil/8.5.18/fastutil-8.5.18.jar
  C:/Users/********/AppData/Roaming/PrismLauncher/libraries/net/java/dev/jna/jna-platform/5.17.0/jna-platform-5.17.0.jar
  C:/Users/********/AppData/Roaming/PrismLauncher/libraries/net/java/dev/jna/jna/5.17.0/jna-5.17.0.jar
  C:/Users/********/AppData/Roaming/PrismLauncher/libraries/net/sf/jopt-simple/jopt-simple/5.0.4/jopt-simple-5.0.4.jar
  C:/Users/********/AppData/Roaming/PrismLauncher/libraries/org/apache/commons/commons-compress/1.28.0/commons-compress-1.28.0.jar
  C:/Users/********/AppData/Roaming/PrismLauncher/libraries/org/apache/commons/commons-lang3/3.19.0/commons-lang3-3.19.0.jar
  C:/Users/********/AppData/Roaming/PrismLauncher/libraries/org/apache/logging/log4j/log4j-api/2.25.2/log4j-api-2.25.2.jar
  C:/Users/********/AppData/Roaming/PrismLauncher/libraries/org/apache/logging/log4j/log4j-core/2.25.2/log4j-core-2.25.2.jar
  C:/Users/********/AppData/Roaming/PrismLauncher/libraries/org/apache/logging/log4j/log4j-slf4j2-impl/2.25.2/log4j-slf4j2-impl-2.25.2.jar
  C:/Users/********/AppData/Roaming/PrismLauncher/libraries/org/jcraft/jorbis/0.0.17/jorbis-0.0.17.jar
  C:/Users/********/AppData/Roaming/PrismLauncher/libraries/org/joml/joml/1.10.8/joml-1.10.8.jar
  C:/Users/********/AppData/Roaming/PrismLauncher/libraries/org/jspecify/jspecify/1.0.0/jspecify-1.0.0.jar
  C:/Users/********/AppData/Roaming/PrismLauncher/libraries/org/slf4j/slf4j-api/2.0.17/slf4j-api-2.0.17.jar
  C:/Users/********/AppData/Roaming/PrismLauncher/libraries/net/fabricmc/intermediary/1.21.11/intermediary-1.21.11.jar
  C:/Users/********/AppData/Roaming/PrismLauncher/libraries/org/ow2/asm/asm/9.9/asm-9.9.jar
  C:/Users/********/AppData/Roaming/PrismLauncher/libraries/org/ow2/asm/asm-analysis/9.9/asm-analysis-9.9.jar
  C:/Users/********/AppData/Roaming/PrismLauncher/libraries/org/ow2/asm/asm-commons/9.9/asm-commons-9.9.jar
  C:/Users/********/AppData/Roaming/PrismLauncher/libraries/org/ow2/asm/asm-tree/9.9/asm-tree-9.9.jar
  C:/Users/********/AppData/Roaming/PrismLauncher/libraries/org/ow2/asm/asm-util/9.9/asm-util-9.9.jar
  C:/Users/********/AppData/Roaming/PrismLauncher/libraries/net/fabricmc/sponge-mixin/0.17.0+mixin.0.8.7/sponge-mixin-0.17.0+mixin.0.8.7.jar
  C:/Users/********/AppData/Roaming/PrismLauncher/libraries/net/fabricmc/fabric-loader/0.18.5/fabric-loader-0.18.5.jar
  C:/Users/********/AppData/Roaming/PrismLauncher/libraries/com/mojang/minecraft/1.21.11/minecraft-1.21.11-client.jar

Native libraries:

Mods:
  [✘] AntiAfk-1.2.5,1.21.11.jar (disabled)
  [✔] appleskin-fabric-mc1.21.11-3.0.8
  [✔] architectury-19.0.1-fabric
  [✘] armorhud-8.1.1.3-1.21.11-fabric.jar (disabled)
  [✘] auto-log-remover-fabric-1.0.0.jar (disabled)
  [✘] autoreconnectrf-fabric-2.0.1+1.21.11.jar (disabled)
  [✘] autorun-mc1.21.9-v1.3.1.jar (disabled)
  [✘] axeshieldswap-1.1.0.jar (disabled)
  [✘] axeshieldswap-1.2.0.jar (disabled)
  [✔] better-ping-display-fabric-1.21.11-1.2.0
  [✔] chat_heads-1.2.6-fabric-1.21.11
  [✔] chatanimation-fabric-1.3.0+mc1.21.11
  [✔] cloth-config-21.11.153-fabric
  [✘] Clumps-fabric-1.21.11-29.0.0.1.jar (disabled)
  [✔] CrosshairAddons-2.1.0-1.21.11
  [✔] damagetintplus-1.0.6 (1)
  [✔] disablefog-fabric-1.21.11-2.2.0
  [✘] dynamiccrosshair-9.11+1.21.11-fabric.jar (disabled)
  [✔] dynamic-fps-3.11.6+minecraft-1.21.11-fabric
  [✔] entityculling-fabric-1.10.5-mc1.21.11
  [✔] fabric-api-0.141.6+1.21.11
  [✔] fabric-carpet-1.21.11-1.4.194+v251223.jar
  [✘] fabric-carpet-1.21.11-1.4.194+v251223.jar (disabled)
  [✔] fabric-language-kotlin-1.13.13+kotlin.2.4.10
  [✔] ferritecore-8.2.0-fabric
  [✘] Flashback-0.39.7-for-MC1.21.11.jar (disabled)
  [✔] flash-replay-1.0.0
  [✔] fullbright-3.1.0+1.21.11
  [✔] HealthIndicators-21.11.1
  [✘] herobot-1.21.11-1.4.3+v260315.jar (disabled)
  [✘] hitrange-1.6.0+mc1.21.11.jar (disabled)
  [✔] ImmediatelyFast-Fabric-1.14.3+1.21.11
  [✔] inventoryhud.fabric.1.21.11-3.4.29
  [✘] Inventory-Hud-Mod-Fabric-1.21.11.jar (disabled)
  [✔] krypton-0.2.10
  [✔] lithium-fabric-0.21.4+mc1.21.11
  [✔] maptooltip-5.0.0+1.21.11-fabric
  [✔] Marlow Crystal Optimizer
  [✘] meteor-client-1.21.11-78.jar (disabled)
  [✔] modmenu-17.0.1-beta.1
  [✔] moreculling-fabric-1.21.11-1.6.2
  [✘] naturalmotionblur-1.4.3+mc1.21.11.jar (disabled)
  [✔] opsec-1.21.11+v1.1.7.1
  [✘] placeholder-api-2.8.2+1.21.10.jar (disabled)
  [✔] ShieldStatus-4.1.2-1.21.11
  [✔] shulkerboxtooltip-fabric-5.2.16+1.21.11
  [✔] smoothhud-1.21.6-1.21.11
  [✘] sodium-extra-fabric-0.9.3+mc1.21.11.jar (disabled)
  [✔] sodium-fabric-0.8.14-beta.1+mc1.21.11
  [✘] TierTagger-2.4.1+mc1.21.11.jar (disabled)
  [✔] tierview-1.21.11-1.2.0+mc1.21.11
  [✔] totemcounter-1.11.2+mc1.21.11
  [✔] ukulib-1.10.2+1.21.11
  [✔] voicechat-fabric-1.21.11-2.6.21
  [✔] WalksyLib-0.9.992+1.21.11
  [✔] WI-Zoom-1.7-MC1.21.11
  [✘] worldedit-fabric-mc1.21.11-2.15.1-SNAPSHOT-dist.jar (disabled)
  [✘] worldedit-mod-7.4.2.jar (disabled)
  [✔] yet_another_config_lib_v3-3.8.2+1.21.11-fabric

Params:
  --username  --version 1.21.11 --gameDir C:/Users/********/AppData/Roaming/PrismLauncher/instances/1.21.11(1)/minecraft --assetsDir C:/Users/********/AppData/Roaming/PrismLauncher/assets --assetIndex 29 --uuid  --accessToken  --versionType release

Window size: 854 x 480

Launcher: standard

Java Arguments:
[-XX:HeapDumpPath=MojangTricksIntelDriversForPerformance_javaw.exe_minecraft.exe.heapdump, -Xms51m, -Xmx1024m, -Duser.language=en]


Minecraft process ID: 14420


[19:48:41] [main/INFO]: Loading Minecraft 1.21.11 with Fabric Loader 0.18.5
[19:48:41] [ForkJoinPool-1-worker-8/WARN]: The mod "smoothhud" contains invalid entries in its mod json:
- Unsupported root entry "resources" at line 23 column 13
[19:48:41] [main/INFO]: Loading 120 mods:
	- appleskin 3.0.8+mc1.21.11
	- architectury 19.0.1
	- betterpingdisplay 1.2.0
	- chat_heads 1.2.6
	- chatanimation 1.3.0
	- cloth-config 21.11.153
	   \-- cloth-basic-math 0.6.1
	- crosshairaddons 2.1.0-1.21.11
	- damagetintplus 1.0.6
	- disablefog 2.2.0
	- dynamic_fps 3.11.6
	   \-- net_lostluma_battery 2.0.0
	- entityculling 1.10.5
	   |-- transition 1.0.21
	   \-- trender 1.0.15
	- fabric-api 0.141.6+1.21.11
	   |-- fabric-api-base 1.0.5+4ebb5c083e
	   |-- fabric-api-lookup-api-v1 1.6.114+20dc27073e
	   |-- fabric-biome-api-v1 17.1.1+4fc5413f3e
	   |-- fabric-block-api-v1 1.1.10+4ebb5c083e
	   |-- fabric-block-view-api-v2 1.0.39+4ebb5c083e
	   |-- fabric-command-api-v2 2.4.7+6b42a6003e
	   |-- fabric-content-registries-v0 10.2.14+4fc5413f3e
	   |-- fabric-convention-tags-v1 2.1.55+7f945d5b3e
	   |-- fabric-convention-tags-v2 2.17.3+8ef948ba3e
	   |-- fabric-crash-report-info-v1 0.3.23+4ebb5c083e
	   |-- fabric-data-attachment-api-v1 1.8.48+eed0806f3e
	   |-- fabric-data-generation-api-v1 23.5.0+88d7da613e
	   |-- fabric-dimensions-v1 4.0.28+4fc5413f3e
	   |-- fabric-entity-events-v1 3.1.1+1d0ab4303e
	   |-- fabric-events-interaction-v0 4.1.1+3b89ecf63e
	   |-- fabric-game-rule-api-v1 2.0.3+4fc5413f3e
	   |-- fabric-item-api-v1 11.6.0+67f17bb43e
	   |-- fabric-item-group-api-v1 4.2.36+4fc5413f3e
	   |-- fabric-key-binding-api-v1 1.1.7+4fc5413f3e
	   |-- fabric-lifecycle-events-v1 2.6.15+4ebb5c083e
	   |-- fabric-loot-api-v2 3.0.73+3f89f5a53e
	   |-- fabric-loot-api-v3 2.0.20+78c8b4663e
	   |-- fabric-message-api-v1 6.1.12+4ebb5c083e
	   |-- fabric-model-loading-api-v1 6.0.15+4fc5413f3e
	   |-- fabric-networking-api-v1 5.1.6+6b6d71a53e
	   |-- fabric-object-builder-api-v1 21.1.40+4fc5413f3e
	   |-- fabric-particles-v1 4.2.12+4fc5413f3e
	   |-- fabric-recipe-api-v1 8.2.4+4ebb5c083e
	   |-- fabric-registry-sync-v0 6.2.6+1718722b3e
	   |-- fabric-renderer-api-v1 8.0.3+f4ffd2e53e
	   |-- fabric-renderer-indigo 5.0.3+f4ffd2e53e
	   |-- fabric-rendering-fluids-v1 3.1.43+4ebb5c083e
	   |-- fabric-rendering-v1 16.2.10+0290ad933e
	   |-- fabric-resource-conditions-api-v1 5.0.35+4fc5413f3e
	   |-- fabric-resource-loader-v0 3.3.4+4fc5413f3e
	   |-- fabric-resource-loader-v1 1.0.10+78c8b4663e
	   |-- fabric-screen-api-v1 3.1.7+4ebb5c083e
	   |-- fabric-screen-handler-api-v1 1.3.162+4fc5413f3e
	   |-- fabric-serialization-api-v1 1.0.5+4ebb5c083e
	   |-- fabric-sound-api-v1 1.0.51+4fc5413f3e
	   |-- fabric-tag-api-v1 1.3.0+88d7da613e
	   |-- fabric-transfer-api-v1 6.0.25+4fc5413f3e
	   \-- fabric-transitive-access-wideners-v1 7.1.0+014c8cec3e
	- fabric-language-kotlin 1.13.13+kotlin.2.4.10
	   |-- org_jetbrains_kotlin_kotlin-reflect 2.4.10
	   |-- org_jetbrains_kotlin_kotlin-stdlib 2.4.10
	   |-- org_jetbrains_kotlin_kotlin-stdlib-jdk7 2.4.10
	   |-- org_jetbrains_kotlin_kotlin-stdlib-jdk8 2.4.10
	   |-- org_jetbrains_kotlinx_atomicfu-jvm 0.33.0
	   |-- org_jetbrains_kotlinx_kotlinx-coroutines-core-jvm 1.11.0
	   |-- org_jetbrains_kotlinx_kotlinx-coroutines-jdk8 1.11.0
	   |-- org_jetbrains_kotlinx_kotlinx-datetime-jvm 0.8.0
	   |-- org_jetbrains_kotlinx_kotlinx-io-bytestring-jvm 0.9.1
	   |-- org_jetbrains_kotlinx_kotlinx-io-core-jvm 0.9.1
	   |-- org_jetbrains_kotlinx_kotlinx-serialization-cbor-jvm 1.11.0
	   |-- org_jetbrains_kotlinx_kotlinx-serialization-core-jvm 1.11.0
	   \-- org_jetbrains_kotlinx_kotlinx-serialization-json-jvm 1.11.0
	- fabricloader 0.18.5
	   \-- mixinextras 0.5.3
	- ferritecore 8.2.0
	- flash-replay 1.0.0
	   |-- org_jcodec_jcodec 0.2.5
	   \-- org_jcodec_jcodec-javase 0.2.5
	- fullbright 3.1.0
	   |-- elementa 714
	   \-- universalcraft 446
	- healthindicators 21.11.1
	- immediatelyfast 1.14.3+1.21.11
	   \-- net_lenni0451_reflect 1.6.2
	- inventoryhud 3.4.29
	- java 21
	- jptiertag 1.2.0+mc1.21.11
	- krypton 0.2.10
	   \-- com_velocitypowered_velocity-native 3.4.0-SNAPSHOT
	- lithium 0.21.4+mc1.21.11
	- maptooltip 5.0.0
	- marlowcrystal 1.1.0
	- minecraft 1.21.11
	- modmenu 17.0.1-beta.1
	   \-- placeholder-api 2.8.2+1.21.10
	- moreculling 1.6.2
	   \-- conditional-mixin 0.6.3
	- opsec 1.1.7.1
	   \-- mixinsquared 0.3.7-beta.1
	- shieldstatus 4.1.2-1.21.11
	- shulkerboxtooltip 5.2.16+1.21.11
	- smoothhud 1.0.0
	- sodium 0.8.14-beta.1+mc1.21.11
	- totemcounter 1.11.2+mc1.21.11
	- ukulib 1.10.2+1.21.11
	   \-- com_moandjiezana_toml_toml4j 0.7.2
	- voicechat 1.21.11-2.6.21
	   \-- voicechat_api 2.6.20
	- walksylib 0.9.992+1.21.11
	- wi_zoom 1.7-MC1.21.11
	- yet_another_config_lib_v3 3.8.2+1.21.11-fabric
	   |-- com_twelvemonkeys_common_common-image 3.12.0
	   |-- com_twelvemonkeys_common_common-io 3.12.0
	   |-- com_twelvemonkeys_common_common-lang 3.12.0
	   |-- com_twelvemonkeys_imageio_imageio-core 3.12.0
	   |-- com_twelvemonkeys_imageio_imageio-metadata 3.12.0
	   |-- com_twelvemonkeys_imageio_imageio-webp 3.12.0
	   |-- org_quiltmc_parsers_gson 0.2.1
	   \-- org_quiltmc_parsers_json 0.2.1
[19:48:41] [main/INFO]: SpongePowered MIXIN Subsystem Version=0.8.7 Source=file:/C:/Users/********/AppData/Roaming/PrismLauncher/libraries/net/fabricmc/sponge-mixin/0.17.0+mixin.0.8.7/sponge-mixin-0.17.0+mixin.0.8.7.jar Service=Knot/Fabric Env=CLIENT
[19:48:41] [main/INFO]: Compatibility level set to JAVA_21
[19:48:42] [main/WARN]: Reference map 'chatanimation.refmap.json' for chatanimation.mixins.json could not be read. If this is a development environment you can ignore this message
[19:48:42] [main/WARN]: Reference map 'HealthIndicators-common-common-refmap.json' for fabric-healthindicators.mixins.json could not be read. If this is a development environment you can ignore this message
[19:48:42] [main/INFO]: Loaded configuration file for Lithium: 171 options available, 0 override(s) found.
[19:48:42] [main/WARN]: Reference map 'moreculling.refmap.json' for moreculling.mixins.json could not be read. If this is a development environment you can ignore this message
[19:48:42] [main/WARN]: Reference map 'moreculling.refmap.json' for moreculling.fabric.mixins.json could not be read. If this is a development environment you can ignore this message
[19:48:42] [main/INFO]: Loaded configuration file for Sodium: 36 options available, 0 override(s) found
[19:48:42] [main/WARN]: Reference map 'yet_another_config_lib_v3.refmap.json' for yacl.mixins.json could not be read. If this is a development environment you can ignore this message
[19:48:42] [main/WARN]: Reference map 'yet_another_config_lib_v3.refmap.json' for yacl-fabric.mixins.json could not be read. If this is a development environment you can ignore this message
[19:48:42] [main/WARN]: Error loading class: mezz/jei/fabric/platform/RenderHelper (java.lang.ClassNotFoundException: mezz/jei/fabric/platform/RenderHelper)
[19:48:42] [main/WARN]: @Mixin target mezz.jei.fabric.platform.RenderHelper was not found appleskin.jei.mixins.json:JEIRenderHelperMixin from mod appleskin
[19:48:43] [main/WARN]: Error loading class: net/caffeinemc/mods/sodium/client/render/chunk/compile/pipeline/BlockOcclusionCache (java.lang.ClassNotFoundException: net/caffeinemc/mods/sodium/client/render/chunk/compile/pipeline/BlockOcclusionCache)
[19:48:43] [main/INFO]: Searching for graphics cards...
[19:48:43] [main/INFO]: Found graphics adapter: AdapterInfo{vendor=INTEL, description='Intel(R) HD Graphics 530', adapterType=0x0000012B, openglIcdFilePath='C:\Windows\System32\DriverStore\FileRepository\iigd_dch.inf_amd64_51f685305808e3a5\ig9icd64.dll', openglIcdVersion=31.0.101.2111}
[19:48:44] [main/INFO]: Initializing MixinExtras via com.llamalad7.mixinextras.service.MixinExtrasServiceImpl(version=0.5.3).
[19:48:45] [Datafixer Bootstrap/INFO]: 287 Datafixer optimizations took 700 milliseconds
[19:48:54] [Render thread/INFO]: Environment: Environment[sessionHost=https://sessionserver.mojang.com, servicesHost=https://api.minecraftservices.com, profilesHost=https://api.mojang.com, name=PROD]
[19:48:54] [Render thread/INFO]: Setting user: Ifuto_mitai
[19:48:54] [Render thread/INFO]: BetterPingDisplay mod loaded
[19:48:54] [Render thread/INFO]: Compression will use Java, encryption will use Java
[19:48:54] [Render thread/INFO]: [ShulkerBoxTooltip] Could not find configuration file, creating default file
[19:48:55] [Render thread/INFO]: [voicechat] Compatibility version 20
[19:48:55] [Render thread/INFO]: [voicechat] Loading plugins
[19:48:55] [Render thread/INFO]: [voicechat] Loaded 0 plugin(s)
[19:48:55] [Render thread/INFO]: [voicechat] Initializing plugins
[19:48:55] [Render thread/INFO]: [voicechat] Initialized 0 plugin(s)
[19:48:55] [Render thread/INFO]: [STDOUT]: Starting WI Zoom v1.7-MC1.21.11
[19:48:55] [Render thread/INFO]: Registering S2C receiver with id architectury:spawn_entity_packet
[19:48:55] [Render thread/INFO]: Disable Fog initialized
[19:48:55] [Render thread/INFO]: [Indigo] Different rendering plugin detected; not applying Indigo.
[19:48:55] [Render thread/INFO]: Fullbright config loaded from C:\Users\********\AppData\Roaming\PrismLauncher\instances\1.21.11(1)\minecraft\config\fullbright.properties (toggled=false, strength=10)
[19:48:55] [fullbright-config-writer/INFO]: Fullbright config saved to C:\Users\********\AppData\Roaming\PrismLauncher\instances\1.21.11(1)\minecraft\config\fullbright.properties
[19:48:55] [Render thread/INFO]: Fullbright Initialized
[19:48:55] [Render thread/INFO]: Deserializing ModConfig from 'C:\Users\********\AppData\Roaming\PrismLauncher\instances\1.21.11(1)\minecraft\config\health_indicators_config.json'
[19:48:55] [Render thread/INFO]: Never be heartless!
[19:48:55] [Render thread/INFO]: [STDOUT]: Inventory HUD + has been initialized!
[19:48:55] [Render thread/INFO]: Initialized unofficial TierView 1.2.0 by Ifuto_mitai
[19:48:55] [Render thread/INFO]: Krypton is now accelerating your Minecraft client's networking stack 🚀
[19:48:55] [Render thread/INFO]: Note that Krypton is most effective on servers, not the client.
[19:48:55] [Render thread/INFO]: [MarlowCrystal] Mod initialized
[19:48:55] [Render thread/WARN]: Skipping unknown badge key 'client' specified by mod 'jptiertag'
[19:48:55] [Render thread/INFO]: Checking mod updates...
[19:48:55] [Render thread/INFO]: OpSec v1.1.7.1 - Privacy protection for Minecraft
[19:48:55] [Render thread/INFO]: Protecting against: TrackPack, Key Resolution Exploit, Client Fingerprinting
[19:48:55] [Render thread/INFO]: [OpSec] Loaded config - spoofAsVanilla: false
[19:48:55] [Render thread/INFO]: OpSec client protection initialized
[19:48:56] [ModMenu/Update Checker/Fabric Loader/INFO]: Update available for 'fabricloader@0.18.5'
[19:48:56] [Render thread/INFO]: [STDOUT]: [TRender] Initializing Client...
[19:48:56] [Render thread/INFO]: [voicechat] Initializing Opus
[19:48:56] [Render thread/INFO]: [voicechat] Successfully initialized Opus
[19:48:56] [Render thread/INFO]: [voicechat] Initializing RNNoise
[19:48:56] [Render thread/INFO]: [voicechat] Successfully initialized RNNoise
[19:48:56] [Render thread/INFO]: [voicechat] Initializing Speex
[19:48:56] [Render thread/INFO]: [voicechat] Successfully initialized Speex
[19:48:56] [Render thread/INFO]: [voicechat] Initializing LAME
[19:48:56] [Render thread/INFO]: [voicechat] Successfully initialized LAME
[19:48:56] [Render thread/INFO]: [voicechat] Using Cloth Config GUI
[19:48:56] [Render thread/INFO]: Deserializing YACLConfig from 'C:\Users\********\AppData\Roaming\PrismLauncher\instances\1.21.11(1)\minecraft\config\yacl.json5'
[19:48:56] [Download-1/INFO]: Update available for 'voicechat@1.21.11-2.6.21', (-> fabric-1.21.11-2.6.22)
[19:48:56] [Download-1/INFO]: Update available for 'chat_heads@1.2.6', (-> 1.2.8)
[19:48:56] [Render thread/INFO]: Backend library: LWJGL version 3.3.3-snapshot
[19:48:57] [Render thread/INFO]: Initializing ImmediatelyFast 1.14.3+1.21.11 on Intel(R) HD Graphics 530 (Intel) with OpenGL 3.3.0 - Build 31.0.101.2111
[19:48:57] [Render thread/INFO]: OpenGL Vendor: Intel
[19:48:57] [Render thread/INFO]: OpenGL Renderer: Intel(R) HD Graphics 530
[19:48:57] [Render thread/INFO]: OpenGL Version: 3.3.0 - Build 31.0.101.2111
[19:48:57] [Render thread/INFO]: Using optional rendering extensions: GL_ARB_buffer_storage, GL_KHR_debug, GL_ARB_vertex_attrib_binding, GL_ARB_direct_state_access, GL_EXT_texture_filter_anisotropic
[19:48:58] [Render thread/INFO]: [STDOUT]: InvGUI Initialized
[19:48:58] [Render thread/INFO]: Reloading ResourceManager: vanilla, appleskin, betterpingdisplay, chat_heads, chatanimation, cloth-config, conditional-mixin, crosshairaddons, damagetintplus, disablefog, dynamic_fps, entityculling, fabric-api, fabric-api-base, fabric-api-lookup-api-v1, fabric-biome-api-v1, fabric-block-api-v1, fabric-block-view-api-v2, fabric-command-api-v2, fabric-content-registries-v0, fabric-convention-tags-v1, fabric-convention-tags-v2, fabric-crash-report-info-v1, fabric-data-attachment-api-v1, fabric-data-generation-api-v1, fabric-dimensions-v1, fabric-entity-events-v1, fabric-events-interaction-v0, fabric-game-rule-api-v1, fabric-item-api-v1, fabric-item-group-api-v1, fabric-key-binding-api-v1, fabric-language-kotlin, fabric-lifecycle-events-v1, fabric-loot-api-v2, fabric-loot-api-v3, fabric-message-api-v1, fabric-model-loading-api-v1, fabric-networking-api-v1, fabric-object-builder-api-v1, fabric-particles-v1, fabric-recipe-api-v1, fabric-registry-sync-v0, fabric-renderer-api-v1, fabric-renderer-indigo, fabric-rendering-fluids-v1, fabric-rendering-v1, fabric-resource-conditions-api-v1, fabric-resource-loader-v0, fabric-resource-loader-v1, fabric-screen-api-v1, fabric-screen-handler-api-v1, fabric-serialization-api-v1, fabric-sound-api-v1, fabric-tag-api-v1, fabric-transfer-api-v1, fabric-transitive-access-wideners-v1, fabricloader, flash-replay, fullbright, healthindicators, immediatelyfast, inventoryhud, jptiertag, krypton, lithium, maptooltip, marlowcrystal, modmenu, moreculling, opsec, placeholder-api, shieldstatus, shulkerboxtooltip, smoothhud, sodium, totemcounter, trender, ukulib, voicechat, walksylib, wi_zoom, yet_another_config_lib_v3, file/Vanilla+ 1.21.11.zip, file/Low Fire 1.21.11.zip
[19:48:59] [Worker-Main-3/WARN]: Invalid path in datapack: minecraft:sounds/._.DS_Store, ignoring
[19:48:59] [Worker-Main-3/WARN]: Invalid path in datapack: minecraft:sounds/.DS_Store, ignoring
[19:48:59] [Render thread/WARN]: Invalid path in datapack: minecraft:textures/entity/end_crystal/.DS_Store, ignoring
[19:48:59] [Render thread/INFO]: Cached all modded block culling states
[19:48:59] [IO-Worker-1/INFO]: Preferred audio device has become available!
[19:48:59] [Render thread/WARN]: Missing sound for event: minecraft:entity.allay.ambient_with_item
[19:48:59] [Render thread/WARN]: Missing sound for event: minecraft:entity.allay.ambient_without_item
[19:48:59] [Render thread/WARN]: Missing sound for event: minecraft:entity.allay.death
[19:48:59] [Render thread/WARN]: Missing sound for event: minecraft:entity.allay.hurt
[19:48:59] [Render thread/WARN]: Missing sound for event: minecraft:entity.allay.item_given
[19:48:59] [Render thread/WARN]: Missing sound for event: minecraft:entity.allay.item_taken
[19:48:59] [Render thread/WARN]: Missing sound for event: minecraft:entity.allay.item_thrown
[19:48:59] [Render thread/WARN]: Missing sound for event: minecraft:ambient.cave
[19:48:59] [Render thread/WARN]: Missing sound for event: minecraft:ambient.basalt_deltas.additions
[19:48:59] [Render thread/WARN]: Missing sound for event: minecraft:ambient.basalt_deltas.loop
[19:48:59] [Render thread/WARN]: Missing sound for event: minecraft:ambient.basalt_deltas.mood
[19:48:59] [Render thread/WARN]: Missing sound for event: minecraft:ambient.crimson_forest.additions
[19:48:59] [Render thread/WARN]: Missing sound for event: minecraft:ambient.crimson_forest.loop
[19:48:59] [Render thread/WARN]: Missing sound for event: minecraft:ambient.crimson_forest.mood
[19:48:59] [Render thread/WARN]: Missing sound for event: minecraft:ambient.nether_wastes.additions
[19:48:59] [Render thread/WARN]: Missing sound for event: minecraft:ambient.nether_wastes.loop
[19:48:59] [Render thread/WARN]: Missing sound for event: minecraft:ambient.nether_wastes.mood
[19:48:59] [Render thread/WARN]: Missing sound for event: minecraft:ambient.soul_sand_valley.additions
[19:48:59] [Render thread/WARN]: Missing sound for event: minecraft:ambient.soul_sand_valley.loop
[19:48:59] [Render thread/WARN]: Missing sound for event: minecraft:ambient.soul_sand_valley.mood
[19:48:59] [Render thread/WARN]: Missing sound for event: minecraft:ambient.warped_forest.additions
[19:48:59] [Render thread/WARN]: Missing sound for event: minecraft:ambient.warped_forest.loop
[19:48:59] [Render thread/WARN]: Missing sound for event: minecraft:ambient.warped_forest.mood
[19:48:59] [Render thread/WARN]: Missing sound for event: minecraft:ambient.underwater.enter
[19:48:59] [Render thread/WARN]: Missing sound for event: minecraft:ambient.underwater.exit
[19:48:59] [Render thread/WARN]: Missing sound for event: minecraft:ambient.underwater.loop
[19:48:59] [Render thread/WARN]: Missing sound for event: minecraft:ambient.underwater.loop.additions
[19:48:59] [Render thread/WARN]: Missing sound for event: minecraft:ambient.underwater.loop.additions.rare
[19:48:59] [Render thread/WARN]: Missing sound for event: minecraft:ambient.underwater.loop.additions.ultra_rare
[19:48:59] [Render thread/WARN]: Missing sound for event: minecraft:block.amethyst_block.break
[19:48:59] [Render thread/WARN]: Missing sound for event: minecraft:block.amethyst_block.chime
[19:48:59] [Render thread/WARN]: Missing sound for event: minecraft:block.amethyst_block.fall
[19:48:59] [Render thread/WARN]: Missing sound for event: minecraft:block.amethyst_block.hit
[19:48:59] [Render thread/WARN]: Missing sound for event: minecraft:block.amethyst_block.place
[19:48:59] [Render thread/WARN]: Missing sound for event: minecraft:block.amethyst_block.resonate
[19:48:59] [Render thread/WARN]: Missing sound for event: minecraft:block.amethyst_block.step
[19:48:59] [Render thread/WARN]: Missing sound for event: minecraft:block.amethyst_cluster.break
[19:48:59] [Render thread/WARN]: Missing sound for event: minecraft:block.amethyst_cluster.fall
[19:48:59] [Render thread/WARN]: Missing sound for event: minecraft:block.amethyst_cluster.hit
[19:48:59] [Render thread/WARN]: Missing sound for event: minecraft:block.amethyst_cluster.place
[19:48:59] [Render thread/WARN]: Missing sound for event: minecraft:block.amethyst_cluster.step
[19:48:59] [Render thread/WARN]: Missing sound for event: minecraft:block.ancient_debris.break
[19:48:59] [Render thread/WARN]: Missing sound for event: minecraft:block.ancient_debris.step
[19:48:59] [Render thread/WARN]: Missing sound for event: minecraft:block.ancient_debris.place
[19:48:59] [Render thread/WARN]: Missing sound for event: minecraft:block.ancient_debris.hit
[19:48:59] [Render thread/WARN]: Missing sound for event: minecraft:block.ancient_debris.fall
[19:48:59] [Render thread/WARN]: Missing sound for event: minecraft:block.anvil.break
[19:48:59] [Render thread/WARN]: Missing sound for event: minecraft:block.anvil.destroy
[19:48:59] [Render thread/WARN]: Missing sound for event: minecraft:block.anvil.fall
[19:48:59] [Render thread/WARN]: Missing sound for event: minecraft:block.anvil.hit
[19:48:59] [Render thread/WARN]: Missing sound for event: minecraft:block.anvil.land
[19:48:59] [Render thread/WARN]: Missing sound for event: minecraft:block.anvil.place
[19:48:59] [Render thread/WARN]: Missing sound for event: minecraft:block.anvil.step
[19:48:59] [Render thread/WARN]: Missing sound for event: minecraft:block.anvil.use
[19:48:59] [Render thread/WARN]: Missing sound for event: minecraft:entity.armadillo.eat
[19:48:59] [Render thread/WARN]: Missing sound for event: minecraft:entity.armadillo.hurt
[19:48:59] [Render thread/WARN]: Missing sound for event: minecraft:entity.armadillo.hurt_reduced
[19:48:59] [Render thread/WARN]: Missing sound for event: minecraft:entity.armadillo.ambient
[19:48:59] [Render thread/WARN]: Missing sound for event: minecraft:entity.armadillo.step
[19:48:59] [Render thread/WARN]: Missing sound for event: minecraft:entity.armadillo.death
[19:48:59] [Render thread/WARN]: Missing sound for event: minecraft:entity.armadillo.roll
[19:48:59] [Render thread/WARN]: Missing sound for event: minecraft:entity.armadillo.land
[19:48:59] [Render thread/WARN]: Missing sound for event: minecraft:entity.armadillo.scute_drop
[19:48:59] [Render thread/WARN]: Missing sound for event: minecraft:entity.armadillo.unroll_finish
[19:48:59] [Render thread/WARN]: Missing sound for event: minecraft:entity.armadillo.peek
[19:48:59] [Render thread/WARN]: Missing sound for event: minecraft:entity.armadillo.unroll_start
[19:48:59] [Render thread/WARN]: Missing sound for event: minecraft:entity.armadillo.brush
[19:48:59] [Render thread/WARN]: Missing sound for event: minecraft:item.armor.equip_chain
[19:48:59] [Render thread/WARN]: Missing sound for event: minecraft:item.armor.equip_diamond
[19:48:59] [Render thread/WARN]: Missing sound for event: minecraft:item.armor.equip_elytra
[19:48:59] [Render thread/WARN]: Missing sound for event: minecraft:item.armor.equip_generic
[19:48:59] [Render thread/WARN]: Missing sound for event: minecraft:item.armor.equip_gold
[19:48:59] [Render thread/WARN]: Missing sound for event: minecraft:item.armor.equip_iron
[19:48:59] [Render thread/WARN]: Missing sound for event: minecraft:item.armor.equip_leather
[19:48:59] [Render thread/WARN]: Missing sound for event: minecraft:item.armor.equip_copper
[19:48:59] [Render thread/WARN]: Missing sound for event: minecraft:item.armor.equip_netherite
[19:48:59] [Render thread/WARN]: Missing sound for event: minecraft:item.armor.equip_turtle
[19:48:59] [Render thread/WARN]: Missing sound for event: minecraft:item.armor.equip_wolf
[19:48:59] [Render thread/WARN]: Missing sound for event: minecraft:item.armor.unequip_wolf
[19:48:59] [Render thread/WARN]: Missing sound for event: minecraft:item.armor.equip_nautilus
[19:48:59] [Render thread/WARN]: Missing sound for event: minecraft:item.armor.unequip_nautilus
[19:48:59] [Render thread/WARN]: Missing sound for event: minecraft:entity.armor_stand.break
[19:48:59] [Render thread/WARN]: Missing sound for event: minecraft:entity.armor_stand.fall
[19:48:59] [Render thread/WARN]: Missing sound for event: minecraft:entity.armor_stand.hit
[19:48:59] [Render thread/WARN]: Missing sound for event: minecraft:entity.armor_stand.place
[19:48:59] [Render thread/WARN]: Missing sound for event: minecraft:entity.arrow.hit
[19:48:59] [Render thread/WARN]: Missing sound for event: minecraft:entity.arrow.hit_player
[19:48:59] [Render thread/WARN]: Missing sound for event: minecraft:entity.arrow.shoot
[19:48:59] [Render thread/WARN]: Missing sound for event: minecraft:item.axe.strip
[19:48:59] [Render thread/WARN]: Missing sound for event: minecraft:item.axe.scrape
[19:48:59] [Render thread/WARN]: Missing sound for event: minecraft:item.axe.wax_off
[19:48:59] [Render thread/WARN]: Missing sound for event: minecraft:entity.axolotl.attack
[19:48:59] [Render thread/WARN]: Missing sound for event: minecraft:entity.axolotl.death
[19:48:59] [Render thread/WARN]: Missing sound for event: minecraft:entity.axolotl.hurt
[19:48:59] [Render thread/WARN]: Missing sound for event: minecraft:entity.axolotl.idle_air
[19:48:59] [Render thread/WARN]: Missing sound for event: minecraft:entity.axolotl.idle_water
[19:48:59] [Render thread/WARN]: Missing sound for event: minecraft:entity.axolotl.splash
[19:48:59] [Render thread/WARN]: Missing sound for event: minecraft:entity.axolotl.swim
[19:48:59] [Render thread/WARN]: Missing sound for event: minecraft:block.azalea.break
[19:48:59] [Render thread/WARN]: Missing sound for event: minecraft:block.azalea.fall
[19:48:59] [Render thread/WARN]: Missing sound for event: minecraft:block.azalea.hit
[19:48:59] [Render thread/WARN]: Missing sound for event: minecraft:block.azalea.place
[19:48:59] [Render thread/WARN]: Missing sound for event: minecraft:block.azalea.step
[19:48:59] [Render thread/WARN]: Missing sound for event: minecraft:block.azalea_leaves.break
[19:48:59] [Render thread/WARN]: Missing sound for event: minecraft:block.azalea_leaves.fall
[19:48:59] [Render thread/WARN]: Missing sound for event: minecraft:block.azalea_leaves.hit
[19:48:59] [Render thread/WARN]: Missing sound for event: minecraft:block.azalea_leaves.place
[19:48:59] [Render thread/WARN]: Missing sound for event: minecraft:block.azalea_leaves.step
[19:48:59] [Render thread/WARN]: Missing sound for event: minecraft:entity.baby_nautilus.ambient
[19:48:59] [Render thread/WARN]: Missing sound for event: minecraft:entity.baby_nautilus.ambient_land
[19:48:59] [Render thread/WARN]: Missing sound for event: minecraft:entity.baby_nautilus.death
[19:48:59] [Render thread/WARN]: Missing sound for event: minecraft:entity.baby_nautilus.death_land
[19:48:59] [Render thread/WARN]: Missing sound for event: minecraft:entity.baby_nautilus.eat
[19:48:59] [Render thread/WARN]: Missing sound for event: minecraft:entity.baby_nautilus.hurt
[19:48:59] [Render thread/WARN]: Missing sound for event: minecraft:entity.baby_nautilus.hurt_land
[19:48:59] [Render thread/WARN]: Missing sound for event: minecraft:entity.nautilus.riding
[19:48:59] [Render thread/WARN]: Missing sound for event: minecraft:entity.baby_nautilus.swim
[19:48:59] [Render thread/WARN]: Missing sound for event: minecraft:block.bamboo.break
[19:48:59] [Render thread/WARN]: Missing sound for event: minecraft:block.bamboo.fall
[19:48:59] [Render thread/WARN]: Missing sound for event: minecraft:block.bamboo.hit
[19:48:59] [Render thread/WARN]: Missing sound for event: minecraft:block.bamboo.place
[19:48:59] [Render thread/WARN]: Missing sound for event: minecraft:block.bamboo.step
[19:48:59] [Render thread/WARN]: Missing sound for event: minecraft:block.bamboo_sapling.break
[19:48:59] [Render thread/WARN]: Missing sound for event: minecraft:block.bamboo_sapling.hit
[19:48:59] [Render thread/WARN]: Missing sound for event: minecraft:block.bamboo_sapling.place
[19:48:59] [Render thread/WARN]: Missing sound for event: minecraft:block.bamboo_wood.break
[19:48:59] [Render thread/WARN]: Missing sound for event: minecraft:block.bamboo_wood.fall
[19:48:59] [Render thread/WARN]: Missing sound for event: minecraft:block.bamboo_wood.hit
[19:48:59] [Render thread/WARN]: Missing sound for event: minecraft:block.bamboo_wood.place
[19:48:59] [Render thread/WARN]: Missing sound for event: minecraft:block.bamboo_wood.step
[19:48:59] [Render thread/WARN]: Missing sound for event: minecraft:block.bamboo_wood_door.close
[19:48:59] [Render thread/WARN]: Missing sound for event: minecraft:block.bamboo_wood_door.open
[19:48:59] [Render thread/WARN]: Missing sound for event: minecraft:block.bamboo_wood_trapdoor.close
[19:48:59] [Render thread/WARN]: Missing sound for event: minecraft:block.bamboo_wood_trapdoor.open
[19:48:59] [Render thread/WARN]: Missing sound for event: minecraft:block.bamboo_wood_button.click_off
[19:48:59] [Render thread/WARN]: Missing sound for event: minecraft:block.bamboo_wood_button.click_on
[19:48:59] [Render thread/WARN]: Missing sound for event: minecraft:block.bamboo_wood_pressure_plate.click_off
[19:48:59] [Render thread/WARN]: Missing sound for event: minecraft:block.bamboo_wood_pressure_plate.click_on
[19:48:59] [Render thread/WARN]: Missing sound for event: minecraft:block.bamboo_wood_fence_gate.close
[19:48:59] [Render thread/WARN]: Missing sound for event: minecraft:block.bamboo_wood_fence_gate.open
[19:48:59] [Render thread/WARN]: Missing sound for event: minecraft:block.barrel.close
[19:48:59] [Render thread/WARN]: Missing sound for event: minecraft:block.barrel.open
[19:48:59] [Render thread/WARN]: Missing sound for event: minecraft:block.basalt.break
[19:48:59] [Render thread/WARN]: Missing sound for event: minecraft:block.basalt.step
[19:48:59] [Render thread/WARN]: Missing sound for event: minecraft:block.basalt.place
[19:48:59] [Render thread/WARN]: Missing sound for event: minecraft:block.basalt.hit
[19:48:59] [Render thread/WARN]: Missing sound for event: minecraft:block.basalt.fall
[19:48:59] [Render thread/WARN]: Missing sound for event: minecraft:entity.bat.ambient
[19:48:59] [Render thread/WARN]: Missing sound for event: minecraft:entity.bat.death
[19:48:59] [Render thread/WARN]: Missing sound for event: minecraft:entity.bat.hurt
[19:48:59] [Render thread/WARN]: Missing sound for event: minecraft:entity.bat.loop
[19:48:59] [Render thread/WARN]: Missing sound for event: minecraft:entity.bat.takeoff
[19:48:59] [Render thread/WARN]: Missing sound for event: minecraft:block.beacon.activate
[19:48:59] [Render thread/WARN]: Missing sound for event: minecraft:block.beacon.ambient
[19:48:59] [Render thread/WARN]: Missing sound for event: minecraft:block.beacon.deactivate
[19:48:59] [Render thread/WARN]: Missing sound for event: minecraft:block.beacon.power_select
[19:48:59] [Render thread/WARN]: Missing sound for event: minecraft:entity.bee.death
[19:48:59] [Render thread/WARN]: Missing sound for event: minecraft:entity.bee.hurt
[19:48:59] [Render thread/WARN]: Missing sound for event: minecraft:entity.bee.loop_aggressive
[19:48:59] [Render thread/WARN]: Missing sound for event: minecraft:entity.bee.loop
[19:48:59] [Render thread/WARN]: Missing sound for event: minecraft:entity.bee.sting
[19:48:59] [Render thread/WARN]: Missing sound for event: minecraft:entity.bee.pollinate
[19:48:59] [Render thread/WARN]: Missing sound for event: minecraft:block.beehive.drip
[19:48:59] [Render thread/WARN]: Missing sound for event: minecraft:block.beehive.enter
[19:48:59] [Render thread/WARN]: Missing sound for event: minecraft:block.beehive.exit
[19:48:59] [Render thread/WARN]: Missing sound for event: minecraft:block.beehive.shear
[19:48:59] [Render thread/WARN]: Missing sound for event: minecraft:block.beehive.work
[19:48:59] [Render thread/WARN]: Missing sound for event: minecraft:block.bell.use
[19:48:59] [Render thread/WARN]: Missing sound for event: minecraft:block.bell.resonate
[19:48:59] [Render thread/WARN]: Missing sound for event: minecraft:block.big_dripleaf.break
[19:48:59] [Render thread/WARN]: Missing sound for event: minecraft:block.big_dripleaf.fall
[19:48:59] [Render thread/WARN]: Missing sound for event: minecraft:block.big_dripleaf.hit
[19:48:59] [Render thread/WARN]: Missing sound for event: minecraft:block.big_dripleaf.place
[19:48:59] [Worker-Main-7/INFO]: Found unifont_all_no_pua-17.0.01.hex, loading
[19:48:59] [Render thread/WARN]: Missing sound for event: minecraft:block.big_dripleaf.step
[19:48:59] [Render thread/WARN]: Missing sound for event: minecraft:entity.blaze.ambient
[19:48:59] [Render thread/WARN]: Missing sound for event: minecraft:entity.blaze.burn
[19:48:59] [Render thread/WARN]: Missing sound for event: minecraft:entity.blaze.death
[19:48:59] [Render thread/WARN]: Missing sound for event: minecraft:entity.blaze.hurt
[19:48:59] [Render thread/WARN]: Missing sound for event: minecraft:entity.blaze.shoot
[19:48:59] [Render thread/WARN]: Missing sound for event: minecraft:entity.boat.paddle_land
[19:48:59] [Render thread/WARN]: Missing sound for event: minecraft:entity.boat.paddle_water
[19:48:59] [Render thread/WARN]: Missing sound for event: minecraft:entity.bogged.ambient
[19:48:59] [Render thread/WARN]: Missing sound for event: minecraft:entity.bogged.death
[19:48:59] [Render thread/WARN]: Missing sound for event: minecraft:entity.bogged.hurt
[19:48:59] [Render thread/WARN]: Missing sound for event: minecraft:entity.bogged.shear
[19:48:59] [Render thread/WARN]: Missing sound for event: minecraft:entity.bogged.step
[19:48:59] [Render thread/WARN]: Missing sound for event: minecraft:block.bone_block.break
[19:48:59] [Render thread/WARN]: Missing sound for event: minecraft:block.bone_block.fall
[19:48:59] [Render thread/WARN]: Missing sound for event: minecraft:block.bone_block.hit
[19:48:59] [Render thread/WARN]: Missing sound for event: minecraft:block.bone_block.place
[19:48:59] [Render thread/WARN]: Missing sound for event: minecraft:block.bone_block.step
[19:48:59] [Render thread/WARN]: Missing sound for event: minecraft:item.bone_meal.use
[19:48:59] [Render thread/WARN]: Missing sound for event: minecraft:item.book.page_turn
[19:48:59] [Render thread/WARN]: Missing sound for event: minecraft:item.book.put
[19:48:59] [Render thread/WARN]: Missing sound for event: minecraft:block.blastfurnace.fire_crackle
[19:48:59] [Render thread/WARN]: Missing sound for event: minecraft:item.bottle.empty
[19:48:59] [Render thread/WARN]: Missing sound for event: minecraft:item.bottle.fill
[19:48:59] [Render thread/WARN]: Missing sound for event: minecraft:item.bottle.fill_dragonbreath
[19:48:59] [Render thread/WARN]: Missing sound for event: minecraft:entity.breeze.charge
[19:48:59] [Render thread/WARN]: Missing sound for event: minecraft:entity.breeze.deflect
[19:48:59] [Render thread/WARN]: Missing sound for event: minecraft:entity.breeze.inhale
[19:48:59] [Render thread/WARN]: Missing sound for event: minecraft:entity.breeze.idle_ground
[19:48:59] [Render thread/WARN]: Missing sound for event: minecraft:entity.breeze.idle_air
[19:48:59] [Render thread/WARN]: Missing sound for event: minecraft:entity.breeze.shoot
[19:48:59] [Render thread/WARN]: Missing sound for event: minecraft:entity.breeze.jump
[19:48:59] [Render thread/WARN]: Missing sound for event: minecraft:entity.breeze.land
[19:48:59] [Render thread/WARN]: Missing sound for event: minecraft:entity.breeze.slide
[19:48:59] [Render thread/WARN]: Missing sound for event: minecraft:entity.breeze.death
[19:48:59] [Render thread/WARN]: Missing sound for event: minecraft:entity.breeze.hurt
[19:48:59] [Render thread/WARN]: Missing sound for event: minecraft:entity.breeze.whirl
[19:48:59] [Render thread/WARN]: Missing sound for event: minecraft:entity.breeze.wind_burst
[19:48:59] [Render thread/WARN]: Missing sound for event: minecraft:block.brewing_stand.brew
[19:48:59] [Render thread/WARN]: Missing sound for event: minecraft:item.brush.brushing.generic
[19:48:59] [Render thread/WARN]: Missing sound for event: minecraft:item.brush.brushing.sand
[19:48:59] [Render thread/WARN]: Missing sound for event: minecraft:item.brush.brushing.gravel
[19:48:59] [Render thread/WARN]: Missing sound for event: minecraft:item.brush.brushing.sand.complete
[19:48:59] [Render thread/WARN]: Missing sound for event: minecraft:item.brush.brushing.gravel.complete
[19:48:59] [Render thread/WARN]: Missing sound for event: minecraft:block.bubble_column.bubble_pop
[19:48:59] [Render thread/WARN]: Missing sound for event: minecraft:block.bubble_column.upwards_ambient
[19:48:59] [Render thread/WARN]: Missing sound for event: minecraft:block.bubble_column.upwards_inside
[19:48:59] [Render thread/WARN]: Missing sound for event: minecraft:block.bubble_column.whirlpool_ambient
[19:48:59] [Render thread/WARN]: Missing sound for event: minecraft:block.bubble_column.whirlpool_inside
[19:48:59] [Render thread/WARN]: Missing sound for event: minecraft:ui.hud.bubble_pop
[19:48:59] [Render thread/WARN]: Missing sound for event: minecraft:item.bucket.empty
[19:48:59] [Render thread/WARN]: Missing sound for event: minecraft:item.bucket.empty_axolotl
[19:48:59] [Render thread/WARN]: Missing sound for event: minecraft:item.bucket.empty_fish
[19:48:59] [Render thread/WARN]: Missing sound for event: minecraft:item.bucket.empty_lava
[19:48:59] [Render thread/WARN]: Missing sound for event: minecraft:item.bucket.empty_powder_snow
[19:48:59] [Render thread/WARN]: Missing sound for event: minecraft:item.bucket.empty_tadpole
[19:48:59] [Render thread/WARN]: Missing sound for event: minecraft:item.bucket.fill
[19:48:59] [Render thread/WARN]: Missing sound for event: minecraft:item.bucket.fill_axolotl
[19:48:59] [Render thread/WARN]: Missing sound for event: minecraft:item.bucket.fill_fish
[19:48:59] [Render thread/WARN]: Missing sound for event: minecraft:item.bucket.fill_lava
[19:48:59] [Render thread/WARN]: Missing sound for event: minecraft:item.bucket.fill_powder_snow
[19:48:59] [Render thread/WARN]: Missing sound for event: minecraft:item.bucket.fill_tadpole
[19:48:59] [Render thread/WARN]: Missing sound for event: minecraft:item.bundle.drop_contents
[19:48:59] [Render thread/WARN]: Missing sound for event: minecraft:item.bundle.insert
[19:48:59] [Render thread/WARN]: Missing sound for event: minecraft:item.bundle.insert_fail
[19:48:59] [Render thread/WARN]: Missing sound for event: minecraft:item.bundle.remove_one
[19:48:59] [Render thread/WARN]: Missing sound for event: minecraft:block.cactus_flower.break
[19:48:59] [Render thread/WARN]: Missing sound for event: minecraft:block.cactus_flower.place
[19:48:59] [Render thread/WARN]: Missing sound for event: minecraft:block.cake.add_candle
[19:48:59] [Render thread/WARN]: Missing sound for event: minecraft:block.calcite.break
[19:48:59] [Render thread/WARN]: Missing sound for event: minecraft:block.calcite.step
[19:48:59] [Render thread/WARN]: Missing sound for event: minecraft:block.calcite.place
[19:48:59] [Render thread/WARN]: Missing sound for event: minecraft:block.calcite.hit
[19:48:59] [Render thread/WARN]: Missing sound for event: minecraft:block.calcite.fall
[19:48:59] [Render thread/WARN]: Missing sound for event: minecraft:entity.camel_husk.ambient
[19:48:59] [Render thread/WARN]: Missing sound for event: minecraft:entity.camel_husk.dash
[19:48:59] [Render thread/WARN]: Missing sound for event: minecraft:entity.camel_husk.dash_ready
[19:48:59] [Render thread/WARN]: Missing sound for event: minecraft:entity.camel_husk.death
[19:48:59] [Render thread/WARN]: Missing sound for event: minecraft:entity.camel_husk.eat
[19:48:59] [Render thread/WARN]: Missing sound for event: minecraft:entity.camel_husk.hurt
[19:48:59] [Render thread/WARN]: Missing sound for event: minecraft:entity.camel_husk.saddle
[19:48:59] [Render thread/WARN]: Missing sound for event: minecraft:entity.camel_husk.sit
[19:48:59] [Render thread/WARN]: Missing sound for event: minecraft:entity.camel_husk.stand
[19:48:59] [Render thread/WARN]: Missing sound for event: minecraft:entity.camel_husk.step
[19:48:59] [Render thread/WARN]: Missing sound for event: minecraft:entity.camel_husk.step_sand
[19:48:59] [Render thread/WARN]: Missing sound for event: minecraft:entity.camel.ambient
[19:48:59] [Render thread/WARN]: Missing sound for event: minecraft:entity.camel.dash
[19:48:59] [Render thread/WARN]: Missing sound for event: minecraft:entity.camel.dash_ready
[19:48:59] [Render thread/WARN]: Missing sound for event: minecraft:entity.camel.death
[19:48:59] [Render thread/WARN]: Missing sound for event: minecraft:entity.camel.eat
[19:48:59] [Render thread/WARN]: Missing sound for event: minecraft:entity.camel.hurt
[19:48:59] [Render thread/WARN]: Missing sound for event: minecraft:entity.camel.saddle
[19:48:59] [Render thread/WARN]: Missing sound for event: minecraft:entity.camel.sit
[19:48:59] [Render thread/WARN]: Missing sound for event: minecraft:entity.camel.stand
[19:48:59] [Render thread/WARN]: Missing sound for event: minecraft:entity.camel.step
[19:48:59] [Render thread/WARN]: Missing sound for event: minecraft:entity.camel.step_sand
[19:48:59] [Render thread/WARN]: Missing sound for event: minecraft:block.campfire.crackle
[19:48:59] [Render thread/WARN]: Missing sound for event: minecraft:block.candle.ambient
[19:48:59] [Render thread/WARN]: Missing sound for event: minecraft:block.candle.break
[19:48:59] [Render thread/WARN]: Missing sound for event: minecraft:block.candle.extinguish
[19:48:59] [Render thread/WARN]: Missing sound for event: minecraft:block.candle.fall
[19:48:59] [Render thread/WARN]: Missing sound for event: minecraft:block.candle.hit
[19:48:59] [Render thread/WARN]: Missing sound for event: minecraft:block.candle.place
[19:48:59] [Render thread/WARN]: Missing sound for event: minecraft:block.candle.step
[19:48:59] [Render thread/WARN]: Missing sound for event: minecraft:entity.cat.ambient
[19:48:59] [Render thread/WARN]: Missing sound for event: minecraft:entity.cat.stray_ambient
[19:48:59] [Render thread/WARN]: Missing sound for event: minecraft:entity.cat.death
[19:48:59] [Render thread/WARN]: Missing sound for event: minecraft:entity.cat.eat
[19:48:59] [Render thread/WARN]: Missing sound for event: minecraft:entity.cat.hiss
[19:48:59] [Render thread/WARN]: Missing sound for event: minecraft:entity.cat.beg_for_food
[19:48:59] [Render thread/WARN]: Missing sound for event: minecraft:entity.cat.hurt
[19:48:59] [Render thread/WARN]: Missing sound for event: minecraft:entity.cat.purr
[19:48:59] [Render thread/WARN]: Missing sound for event: minecraft:entity.cat.purreow
[19:48:59] [Render thread/WARN]: Missing sound for event: minecraft:block.cave_vines.break
[19:48:59] [Render thread/WARN]: Missing sound for event: minecraft:block.cave_vines.fall
[19:48:59] [Render thread/WARN]: Missing sound for event: minecraft:block.cave_vines.hit
[19:48:59] [Render thread/WARN]: Missing sound for event: minecraft:block.cave_vines.place
[19:48:59] [Render thread/WARN]: Missing sound for event: minecraft:block.cave_vines.step
[19:48:59] [Render thread/WARN]: Missing sound for event: minecraft:block.cave_vines.pick_berries
[19:48:59] [Render thread/WARN]: Missing sound for event: minecraft:block.chain.break
[19:48:59] [Render thread/WARN]: Missing sound for event: minecraft:block.chain.fall
[19:48:59] [Render thread/WARN]: Missing sound for event: minecraft:block.chain.hit
[19:48:59] [Render thread/WARN]: Missing sound for event: minecraft:block.chain.place
[19:48:59] [Render thread/WARN]: Missing sound for event: minecraft:block.chain.step
[19:48:59] [Render thread/WARN]: Missing sound for event: minecraft:block.cherry_wood.break
[19:48:59] [Render thread/WARN]: Missing sound for event: minecraft:block.cherry_wood.fall
[19:48:59] [Render thread/WARN]: Missing sound for event: minecraft:block.cherry_wood.hit
[19:48:59] [Render thread/WARN]: Missing sound for event: minecraft:block.cherry_wood.place
[19:48:59] [Render thread/WARN]: Missing sound for event: minecraft:block.cherry_wood.step
[19:48:59] [Render thread/WARN]: Missing sound for event: minecraft:block.cherry_sapling.break
[19:48:59] [Render thread/WARN]: Missing sound for event: minecraft:block.cherry_sapling.fall
[19:48:59] [Render thread/WARN]: Missing sound for event: minecraft:block.cherry_sapling.hit
[19:48:59] [Render thread/WARN]: Missing sound for event: minecraft:block.cherry_sapling.place
[19:48:59] [Render thread/WARN]: Missing sound for event: minecraft:block.cherry_sapling.step
[19:48:59] [Render thread/WARN]: Missing sound for event: minecraft:block.cherry_leaves.break
[19:48:59] [Render thread/WARN]: Missing sound for event: minecraft:block.cherry_leaves.fall
[19:48:59] [Render thread/WARN]: Missing sound for event: minecraft:block.cherry_leaves.hit
[19:48:59] [Render thread/WARN]: Missing sound for event: minecraft:block.cherry_leaves.place
[19:48:59] [Render thread/WARN]: Missing sound for event: minecraft:block.cherry_leaves.step
[19:48:59] [Render thread/WARN]: Missing sound for event: minecraft:block.cherry_wood_hanging_sign.step
[19:48:59] [Render thread/WARN]: Missing sound for event: minecraft:block.cherry_wood_hanging_sign.break
[19:48:59] [Render thread/WARN]: Missing sound for event: minecraft:block.cherry_wood_hanging_sign.fall
[19:48:59] [Render thread/WARN]: Missing sound for event: minecraft:block.cherry_wood_hanging_sign.hit
[19:48:59] [Render thread/WARN]: Missing sound for event: minecraft:block.cherry_wood_hanging_sign.place
[19:48:59] [Render thread/WARN]: Missing sound for event: minecraft:block.cherry_wood_door.close
[19:48:59] [Render thread/WARN]: Missing sound for event: minecraft:block.cherry_wood_door.open
[19:48:59] [Render thread/WARN]: Missing sound for event: minecraft:block.cherry_wood_trapdoor.close
[19:48:59] [Render thread/WARN]: Missing sound for event: minecraft:block.cherry_wood_trapdoor.open
[19:48:59] [Render thread/WARN]: Missing sound for event: minecraft:block.cherry_wood_button.click_off
[19:48:59] [Render thread/WARN]: Missing sound for event: minecraft:block.cherry_wood_button.click_on
[19:48:59] [Render thread/WARN]: Missing sound for event: minecraft:block.cherry_wood_pressure_plate.click_off
[19:48:59] [Render thread/WARN]: Missing sound for event: minecraft:block.cherry_wood_pressure_plate.click_on
[19:48:59] [Render thread/WARN]: Missing sound for event: minecraft:block.cherry_wood_fence_gate.close
[19:48:59] [Render thread/WARN]: Missing sound for event: minecraft:block.cherry_wood_fence_gate.open
[19:48:59] [Render thread/WARN]: Missing sound for event: minecraft:block.chest.close
[19:48:59] [Render thread/WARN]: Missing sound for event: minecraft:block.chest.locked
[19:48:59] [Render thread/WARN]: Missing sound for event: minecraft:block.chest.open
[19:48:59] [Render thread/WARN]: Missing sound for event: minecraft:entity.chicken.ambient
[19:48:59] [Render thread/WARN]: Missing sound for event: minecraft:entity.chicken.death
[19:48:59] [Render thread/WARN]: Missing sound for event: minecraft:entity.chicken.egg
[19:48:59] [Render thread/WARN]: Missing sound for event: minecraft:entity.chicken.hurt
[19:48:59] [Render thread/WARN]: Missing sound for event: minecraft:entity.chicken.step
[19:48:59] [Render thread/WARN]: Missing sound for event: minecraft:block.chiseled_bookshelf.break
[19:48:59] [Render thread/WARN]: Missing sound for event: minecraft:block.chiseled_bookshelf.fall
[19:48:59] [Render thread/WARN]: Missing sound for event: minecraft:block.chiseled_bookshelf.hit
[19:48:59] [Render thread/WARN]: Missing sound for event: minecraft:block.chiseled_bookshelf.insert
[19:48:59] [Render thread/WARN]: Missing sound for event: minecraft:block.chiseled_bookshelf.insert.enchanted
[19:48:59] [Render thread/WARN]: Missing sound for event: minecraft:block.chiseled_bookshelf.step
[19:48:59] [Render thread/WARN]: Missing sound for event: minecraft:block.chiseled_bookshelf.pickup
[19:48:59] [Render thread/WARN]: Missing sound for event: minecraft:block.chiseled_bookshelf.pickup.enchanted
[19:48:59] [Render thread/WARN]: Missing sound for event: minecraft:block.chiseled_bookshelf.place
[19:48:59] [Render thread/WARN]: Missing sound for event: minecraft:block.chorus_flower.death
[19:48:59] [Render thread/WARN]: Missing sound for event: minecraft:block.chorus_flower.grow
[19:48:59] [Render thread/WARN]: Missing sound for event: minecraft:item.chorus_fruit.teleport
[19:48:59] [Render thread/WARN]: Missing sound for event: minecraft:block.cobweb.break
[19:48:59] [Render thread/WARN]: Missing sound for event: minecraft:block.cobweb.step
[19:48:59] [Render thread/WARN]: Missing sound for event: minecraft:block.cobweb.place
[19:48:59] [Render thread/WARN]: Missing sound for event: minecraft:block.cobweb.hit
[19:48:59] [Render thread/WARN]: Missing sound for event: minecraft:block.cobweb.fall
[19:48:59] [Render thread/WARN]: Missing sound for event: minecraft:entity.cod.ambient
[19:48:59] [Render thread/WARN]: Missing sound for event: minecraft:entity.cod.death
[19:48:59] [Render thread/WARN]: Missing sound for event: minecraft:entity.cod.flop
[19:48:59] [Render thread/WARN]: Missing sound for event: minecraft:entity.cod.hurt
[19:48:59] [Render thread/WARN]: Missing sound for event: minecraft:block.comparator.click
[19:48:59] [Render thread/WARN]: Missing sound for event: minecraft:block.composter.empty
[19:48:59] [Render thread/WARN]: Missing sound for event: minecraft:block.composter.fill
[19:48:59] [Render thread/WARN]: Missing sound for event: minecraft:block.composter.fill_success
[19:48:59] [Render thread/WARN]: Missing sound for event: minecraft:block.composter.ready
[19:48:59] [Render thread/WARN]: Missing sound for event: minecraft:block.conduit.activate
[19:48:59] [Render thread/WARN]: Missing sound for event: minecraft:block.conduit.ambient
[19:48:59] [Render thread/WARN]: Missing sound for event: minecraft:block.conduit.ambient.short
[19:48:59] [Render thread/WARN]: Missing sound for event: minecraft:block.conduit.attack.target
[19:48:59] [Render thread/WARN]: Missing sound for event: minecraft:block.conduit.deactivate
[19:48:59] [Render thread/WARN]: Missing sound for event: minecraft:block.copper_bulb.break
[19:48:59] [Render thread/WARN]: Missing sound for event: minecraft:block.copper_bulb.step
[19:48:59] [Render thread/WARN]: Missing sound for event: minecraft:block.copper_bulb.place
[19:48:59] [Render thread/WARN]: Missing sound for event: minecraft:block.copper_bulb.hit
[19:48:59] [Render thread/WARN]: Missing sound for event: minecraft:block.copper_bulb.fall
[19:48:59] [Render thread/WARN]: Missing sound for event: minecraft:block.copper_bulb.turn_on
[19:48:59] [Render thread/WARN]: Missing sound for event: minecraft:block.copper_bulb.turn_off
[19:48:59] [Render thread/WARN]: Missing sound for event: minecraft:block.copper.break
[19:48:59] [Render thread/WARN]: Missing sound for event: minecraft:block.copper.step
[19:48:59] [Render thread/WARN]: Missing sound for event: minecraft:block.copper.place
[19:48:59] [Render thread/WARN]: Missing sound for event: minecraft:block.copper.hit
[19:48:59] [Render thread/WARN]: Missing sound for event: minecraft:block.copper.fall
[19:48:59] [Render thread/WARN]: Missing sound for event: minecraft:block.copper_chest.close
[19:48:59] [Render thread/WARN]: Missing sound for event: minecraft:block.copper_chest.open
[19:48:59] [Render thread/WARN]: Missing sound for event: minecraft:block.copper_chest_weathered.close
[19:48:59] [Render thread/WARN]: Missing sound for event: minecraft:block.copper_chest_weathered.open
[19:48:59] [Render thread/WARN]: Missing sound for event: minecraft:block.copper_chest_oxidized.close
[19:48:59] [Render thread/WARN]: Missing sound for event: minecraft:block.copper_chest_oxidized.open
[19:48:59] [Render thread/WARN]: Missing sound for event: minecraft:block.copper_door.close
[19:48:59] [Render thread/WARN]: Missing sound for event: minecraft:block.copper_door.open
[19:48:59] [Render thread/WARN]: Missing sound for event: minecraft:entity.copper_golem.step
[19:48:59] [Render thread/WARN]: Missing sound for event: minecraft:entity.copper_golem.hurt
[19:48:59] [Render thread/WARN]: Missing sound for event: minecraft:entity.copper_golem.death
[19:48:59] [Render thread/WARN]: Missing sound for event: minecraft:entity.copper_golem_weathered.step
[19:48:59] [Render thread/WARN]: Missing sound for event: minecraft:entity.copper_golem_weathered.hurt
[19:48:59] [Render thread/WARN]: Missing sound for event: minecraft:entity.copper_golem_weathered.death
[19:48:59] [Render thread/WARN]: Missing sound for event: minecraft:entity.copper_golem_oxidized.step
[19:48:59] [Render thread/WARN]: Missing sound for event: minecraft:entity.copper_golem_oxidized.hurt
[19:48:59] [Render thread/WARN]: Missing sound for event: minecraft:entity.copper_golem_oxidized.death
[19:48:59] [Render thread/WARN]: Missing sound for event: minecraft:entity.copper_golem.spin
[19:48:59] [Render thread/WARN]: Missing sound for event: minecraft:entity.copper_golem_weathered.spin
[19:48:59] [Render thread/WARN]: Missing sound for event: minecraft:entity.copper_golem_oxidized.spin
[19:48:59] [Render thread/WARN]: Missing sound for event: minecraft:entity.copper_golem.no_item_get
[19:48:59] [Render thread/WARN]: Missing sound for event: minecraft:entity.copper_golem.no_item_no_get
[19:48:59] [Render thread/WARN]: Missing sound for event: minecraft:entity.copper_golem.item_drop
[19:48:59] [Render thread/WARN]: Missing sound for event: minecraft:entity.copper_golem.item_no_drop
[19:48:59] [Render thread/WARN]: Missing sound for event: minecraft:entity.copper_golem_become_statue
[19:48:59] [Render thread/WARN]: Missing sound for event: minecraft:block.copper_golem_statue.break
[19:48:59] [Render thread/WARN]: Missing sound for event: minecraft:block.copper_golem_statue.place
[19:48:59] [Render thread/WARN]: Missing sound for event: minecraft:block.copper_golem_statue.hit
[19:48:59] [Render thread/WARN]: Missing sound for event: minecraft:block.copper_golem_statue.step
[19:48:59] [Render thread/WARN]: Missing sound for event: minecraft:block.copper_golem_statue.fall
[19:48:59] [Render thread/WARN]: Missing sound for event: minecraft:entity.copper_golem.spawn
[19:48:59] [Render thread/WARN]: Missing sound for event: minecraft:entity.copper_golem.shear
[19:48:59] [Render thread/WARN]: Missing sound for event: minecraft:block.copper_grate.break
[19:48:59] [Render thread/WARN]: Missing sound for event: minecraft:block.copper_grate.step
[19:48:59] [Render thread/WARN]: Missing sound for event: minecraft:block.copper_grate.place
[19:48:59] [Render thread/WARN]: Missing sound for event: minecraft:block.copper_grate.hit
[19:48:59] [Render thread/WARN]: Missing sound for event: minecraft:block.copper_grate.fall
[19:48:59] [Render thread/WARN]: Missing sound for event: minecraft:block.copper_trapdoor.close
[19:48:59] [Render thread/WARN]: Missing sound for event: minecraft:block.copper_trapdoor.open
[19:48:59] [Render thread/WARN]: Missing sound for event: minecraft:block.coral_block.break
[19:48:59] [Render thread/WARN]: Missing sound for event: minecraft:block.coral_block.fall
[19:48:59] [Render thread/WARN]: Missing sound for event: minecraft:block.coral_block.hit
[19:48:59] [Render thread/WARN]: Missing sound for event: minecraft:block.coral_block.place
[19:48:59] [Render thread/WARN]: Missing sound for event: minecraft:block.coral_block.step
[19:48:59] [Render thread/WARN]: Missing sound for event: minecraft:entity.cow.ambient
[19:48:59] [Render thread/WARN]: Missing sound for event: minecraft:entity.cow.death
[19:48:59] [Render thread/WARN]: Missing sound for event: minecraft:entity.cow.hurt
[19:48:59] [Render thread/WARN]: Missing sound for event: minecraft:entity.cow.milk
[19:48:59] [Render thread/WARN]: Missing sound for event: minecraft:entity.cow.step
[19:48:59] [Render thread/WARN]: Missing sound for event: minecraft:block.crafter.craft
[19:48:59] [Render thread/WARN]: Missing sound for event: minecraft:block.crafter.fail
[19:48:59] [Render thread/WARN]: Missing sound for event: minecraft:entity.creaking.ambient
[19:48:59] [Render thread/WARN]: Missing sound for event: minecraft:entity.creaking.activate
[19:48:59] [Render thread/WARN]: Missing sound for event: minecraft:entity.creaking.deactivate
[19:48:59] [Render thread/WARN]: Missing sound for event: minecraft:entity.creaking.attack
[19:48:59] [Render thread/WARN]: Missing sound for event: minecraft:entity.creaking.death
[19:48:59] [Render thread/WARN]: Missing sound for event: minecraft:entity.creaking.step
[19:48:59] [Render thread/WARN]: Missing sound for event: minecraft:entity.creaking.freeze
[19:48:59] [Render thread/WARN]: Missing sound for event: minecraft:entity.creaking.unfreeze
[19:48:59] [Render thread/WARN]: Missing sound for event: minecraft:entity.creaking.spawn
[19:48:59] [Render thread/WARN]: Missing sound for event: minecraft:entity.creaking.sway
[19:48:59] [Render thread/WARN]: Missing sound for event: minecraft:entity.creaking.twitch
[19:48:59] [Render thread/WARN]: Missing sound for event: minecraft:block.creaking_heart.break
[19:48:59] [Render thread/WARN]: Missing sound for event: minecraft:block.creaking_heart.fall
[19:48:59] [Render thread/WARN]: Missing sound for event: minecraft:block.creaking_heart.hit
[19:48:59] [Render thread/WARN]: Missing sound for event: minecraft:block.creaking_heart.hurt
[19:48:59] [Render thread/WARN]: Missing sound for event: minecraft:block.creaking_heart.place
[19:48:59] [Render thread/WARN]: Missing sound for event: minecraft:block.creaking_heart.step
[19:48:59] [Render thread/WARN]: Missing sound for event: minecraft:block.creaking_heart.idle
[19:48:59] [Render thread/WARN]: Missing sound for event: minecraft:block.creaking_heart.spawn
[19:48:59] [Render thread/WARN]: Missing sound for event: minecraft:entity.creeper.death
[19:48:59] [Render thread/WARN]: Missing sound for event: minecraft:entity.creeper.hurt
[19:48:59] [Render thread/WARN]: Missing sound for event: minecraft:entity.creeper.primed
[19:48:59] [Render thread/WARN]: Missing sound for event: minecraft:block.crop.break
[19:48:59] [Render thread/WARN]: Missing sound for event: minecraft:item.crop.plant
[19:48:59] [Render thread/WARN]: Missing sound for event: minecraft:item.crossbow.hit
[19:48:59] [Render thread/WARN]: Missing sound for event: minecraft:item.crossbow.loading_end
[19:48:59] [Render thread/WARN]: Missing sound for event: minecraft:item.crossbow.loading_middle
[19:48:59] [Render thread/WARN]: Missing sound for event: minecraft:item.crossbow.loading_start
[19:48:59] [Render thread/WARN]: Missing sound for event: minecraft:item.crossbow.quick_charge_1
[19:48:59] [Render thread/WARN]: Missing sound for event: minecraft:item.crossbow.quick_charge_2
[19:48:59] [Render thread/WARN]: Missing sound for event: minecraft:item.crossbow.quick_charge_3
[19:48:59] [Render thread/WARN]: Missing sound for event: minecraft:item.crossbow.shoot
[19:48:59] [Render thread/WARN]: Missing sound for event: minecraft:block.deadbush.idle
[19:48:59] [Render thread/WARN]: Missing sound for event: minecraft:block.decorated_pot.break
[19:48:59] [Render thread/WARN]: Missing sound for event: minecraft:block.decorated_pot.fall
[19:48:59] [Render thread/WARN]: Missing sound for event: minecraft:block.decorated_pot.hit
[19:48:59] [Render thread/WARN]: Missing sound for event: minecraft:block.decorated_pot.insert
[19:48:59] [Render thread/WARN]: Missing sound for event: minecraft:block.decorated_pot.insert_fail
[19:48:59] [Render thread/WARN]: Missing sound for event: minecraft:block.decorated_pot.step
[19:48:59] [Render thread/WARN]: Missing sound for event: minecraft:block.decorated_pot.place
[19:48:59] [Render thread/WARN]: Missing sound for event: minecraft:block.decorated_pot.shatter
[19:48:59] [Render thread/WARN]: Missing sound for event: minecraft:block.deepslate_bricks.break
[19:48:59] [Render thread/WARN]: Missing sound for event: minecraft:block.deepslate_bricks.fall
[19:48:59] [Render thread/WARN]: Missing sound for event: minecraft:block.deepslate_bricks.hit
[19:48:59] [Render thread/WARN]: Missing sound for event: minecraft:block.deepslate_bricks.place
[19:48:59] [Render thread/WARN]: Missing sound for event: minecraft:block.deepslate_bricks.step
[19:48:59] [Render thread/WARN]: Missing sound for event: minecraft:block.deepslate.break
[19:48:59] [Render thread/WARN]: Missing sound for event: minecraft:block.deepslate.fall
[19:48:59] [Render thread/WARN]: Missing sound for event: minecraft:block.deepslate.hit
[19:48:59] [Render thread/WARN]: Missing sound for event: minecraft:block.deepslate.place
[19:48:59] [Render thread/WARN]: Missing sound for event: minecraft:block.deepslate.step
[19:48:59] [Render thread/WARN]: Missing sound for event: minecraft:block.deepslate_tiles.break
[19:48:59] [Render thread/WARN]: Missing sound for event: minecraft:block.deepslate_tiles.fall
[19:48:59] [Render thread/WARN]: Missing sound for event: minecraft:block.deepslate_tiles.hit
[19:48:59] [Render thread/WARN]: Missing sound for event: minecraft:block.deepslate_tiles.place
[19:48:59] [Render thread/WARN]: Missing sound for event: minecraft:block.deepslate_tiles.step
[19:48:59] [Render thread/WARN]: Missing sound for event: minecraft:block.dispenser.dispense
[19:48:59] [Render thread/WARN]: Missing sound for event: minecraft:block.dispenser.fail
[19:48:59] [Render thread/WARN]: Missing sound for event: minecraft:block.dispenser.launch
[19:48:59] [Render thread/WARN]: Missing sound for event: minecraft:entity.dolphin.ambient
[19:48:59] [Render thread/WARN]: Missing sound for event: minecraft:entity.dolphin.ambient_water
[19:48:59] [Render thread/WARN]: Missing sound for event: minecraft:entity.dolphin.attack
[19:48:59] [Render thread/WARN]: Missing sound for event: minecraft:entity.dolphin.death
[19:48:59] [Render thread/WARN]: Missing sound for event: minecraft:entity.dolphin.eat
[19:48:59] [Render thread/WARN]: Missing sound for event: minecraft:entity.dolphin.hurt
[19:48:59] [Render thread/WARN]: Missing sound for event: minecraft:entity.dolphin.jump
[19:48:59] [Render thread/WARN]: Missing sound for event: minecraft:entity.dolphin.play
[19:48:59] [Render thread/WARN]: Missing sound for event: minecraft:entity.dolphin.splash
[19:48:59] [Render thread/WARN]: Missing sound for event: minecraft:entity.dolphin.swim
[19:48:59] [Render thread/WARN]: Missing sound for event: minecraft:entity.donkey.ambient
[19:48:59] [Render thread/WARN]: Missing sound for event: minecraft:entity.donkey.angry
[19:48:59] [Render thread/WARN]: Missing sound for event: minecraft:entity.donkey.chest
[19:48:59] [Render thread/WARN]: Missing sound for event: minecraft:entity.donkey.death
[19:48:59] [Render thread/WARN]: Missing sound for event: minecraft:entity.donkey.eat
[19:48:59] [Render thread/WARN]: Missing sound for event: minecraft:entity.donkey.hurt
[19:48:59] [Render thread/WARN]: Missing sound for event: minecraft:entity.donkey.jump
[19:48:59] [Render thread/WARN]: Missing sound for event: minecraft:block.dried_ghast.break
[19:48:59] [Render thread/WARN]: Missing sound for event: minecraft:block.dried_ghast.step
[19:48:59] [Render thread/WARN]: Missing sound for event: minecraft:block.dried_ghast.fall
[19:48:59] [Render thread/WARN]: Missing sound for event: minecraft:block.dried_ghast.ambient
[19:48:59] [Render thread/WARN]: Missing sound for event: minecraft:block.dried_ghast.ambient_water
[19:48:59] [Render thread/WARN]: Missing sound for event: minecraft:block.dried_ghast.place
[19:48:59] [Render thread/WARN]: Missing sound for event: minecraft:block.dried_ghast.place_in_water
[19:48:59] [Render thread/WARN]: Missing sound for event: minecraft:block.dried_ghast.transition
[19:48:59] [Render thread/WARN]: Missing sound for event: minecraft:block.dripstone_block.break
[19:48:59] [Render thread/WARN]: Missing sound for event: minecraft:block.dripstone_block.step
[19:48:59] [Render thread/WARN]: Missing sound for event: minecraft:block.dripstone_block.place
[19:48:59] [Render thread/WARN]: Missing sound for event: minecraft:block.dripstone_block.hit
[19:48:59] [Render thread/WARN]: Missing sound for event: minecraft:block.dripstone_block.fall
[19:48:59] [Render thread/WARN]: Missing sound for event: minecraft:block.dry_grass.ambient
[19:48:59] [Render thread/WARN]: Missing sound for event: minecraft:block.pointed_dripstone.break
[19:48:59] [Render thread/WARN]: Missing sound for event: minecraft:block.pointed_dripstone.step
[19:48:59] [Render thread/WARN]: Missing sound for event: minecraft:block.pointed_dripstone.place
[19:48:59] [Render thread/WARN]: Missing sound for event: minecraft:block.pointed_dripstone.hit
[19:48:59] [Render thread/WARN]: Missing sound for event: minecraft:block.pointed_dripstone.fall
[19:48:59] [Render thread/WARN]: Missing sound for event: minecraft:block.pointed_dripstone.land
[19:48:59] [Render thread/WARN]: Missing sound for event: minecraft:block.pointed_dripstone.drip_lava
[19:48:59] [Render thread/WARN]: Missing sound for event: minecraft:block.pointed_dripstone.drip_water
[19:48:59] [Render thread/WARN]: Missing sound for event: minecraft:block.pointed_dripstone.drip_lava_into_cauldron
[19:48:59] [Render thread/WARN]: Missing sound for event: minecraft:block.pointed_dripstone.drip_water_into_cauldron
[19:48:59] [Render thread/WARN]: Missing sound for event: minecraft:block.big_dripleaf.tilt_down
[19:48:59] [Render thread/WARN]: Missing sound for event: minecraft:block.big_dripleaf.tilt_up
[19:48:59] [Render thread/WARN]: Missing sound for event: minecraft:entity.drowned.ambient
[19:48:59] [Render thread/WARN]: Missing sound for event: minecraft:entity.drowned.ambient_water
[19:48:59] [Render thread/WARN]: Missing sound for event: minecraft:entity.drowned.death
[19:48:59] [Render thread/WARN]: Missing sound for event: minecraft:entity.drowned.death_water
[19:48:59] [Render thread/WARN]: Missing sound for event: minecraft:entity.drowned.hurt
[19:48:59] [Render thread/WARN]: Missing sound for event: minecraft:entity.drowned.hurt_water
[19:48:59] [Render thread/WARN]: Missing sound for event: minecraft:entity.drowned.shoot
[19:48:59] [Render thread/WARN]: Missing sound for event: minecraft:entity.drowned.step
[19:48:59] [Render thread/WARN]: Missing sound for event: minecraft:entity.drowned.swim
[19:48:59] [Render thread/WARN]: Missing sound for event: minecraft:item.dye.use
[19:48:59] [Render thread/WARN]: Missing sound for event: minecraft:entity.egg.throw
[19:48:59] [Render thread/WARN]: Missing sound for event: minecraft:entity.elder_guardian.ambient
[19:48:59] [Render thread/WARN]: Missing sound for event: minecraft:entity.elder_guardian.ambient_land
[19:48:59] [Render thread/WARN]: Missing sound for event: minecraft:entity.elder_guardian.curse
[19:48:59] [Render thread/WARN]: Missing sound for event: minecraft:entity.elder_guardian.death
[19:48:59] [Render thread/WARN]: Missing sound for event: minecraft:entity.elder_guardian.death_land
[19:48:59] [Render thread/WARN]: Missing sound for event: minecraft:entity.elder_guardian.flop
[19:48:59] [Render thread/WARN]: Missing sound for event: minecraft:entity.elder_guardian.hurt
[19:48:59] [Render thread/WARN]: Missing sound for event: minecraft:entity.elder_guardian.hurt_land
[19:48:59] [Render thread/WARN]: Missing sound for event: minecraft:item.elytra.flying
[19:48:59] [Render thread/WARN]: Missing sound for event: minecraft:block.enchantment_table.use
[19:48:59] [Render thread/WARN]: Missing sound for event: minecraft:block.ender_chest.close
[19:48:59] [Render thread/WARN]: Missing sound for event: minecraft:block.ender_chest.open
[19:48:59] [Render thread/WARN]: Missing sound for event: minecraft:entity.ender_dragon.ambient
[19:48:59] [Render thread/WARN]: Missing sound for event: minecraft:entity.ender_dragon.death
[19:48:59] [Render thread/WARN]: Missing sound for event: minecraft:entity.dragon_fireball.explode
[19:48:59] [Render thread/WARN]: Missing sound for event: minecraft:entity.ender_dragon.flap
[19:48:59] [Render thread/WARN]: Missing sound for event: minecraft:entity.ender_dragon.growl
[19:48:59] [Render thread/WARN]: Missing sound for event: minecraft:entity.ender_dragon.hurt
[19:48:59] [Render thread/WARN]: Missing sound for event: minecraft:entity.ender_dragon.shoot
[19:48:59] [Render thread/WARN]: Missing sound for event: minecraft:entity.ender_eye.death
[19:48:59] [Render thread/WARN]: Missing sound for event: minecraft:entity.ender_eye.launch
[19:48:59] [Render thread/WARN]: Missing sound for event: minecraft:entity.enderman.ambient
[19:48:59] [Render thread/WARN]: Missing sound for event: minecraft:entity.enderman.death
[19:48:59] [Render thread/WARN]: Missing sound for event: minecraft:entity.enderman.hurt
[19:48:59] [Render thread/WARN]: Missing sound for event: minecraft:entity.enderman.scream
[19:48:59] [Render thread/WARN]: Missing sound for event: minecraft:entity.enderman.stare
[19:48:59] [Render thread/WARN]: Missing sound for event: minecraft:entity.enderman.teleport
[19:48:59] [Render thread/WARN]: Missing sound for event: minecraft:entity.endermite.ambient
[19:48:59] [Render thread/WARN]: Missing sound for event: minecraft:entity.endermite.death
[19:48:59] [Render thread/WARN]: Missing sound for event: minecraft:entity.endermite.hurt
[19:48:59] [Render thread/WARN]: Missing sound for event: minecraft:entity.endermite.step
[19:48:59] [Render thread/WARN]: Missing sound for event: minecraft:entity.ender_pearl.throw
[19:48:59] [Render thread/WARN]: Missing sound for event: minecraft:block.end_gateway.spawn
[19:48:59] [Render thread/WARN]: Missing sound for event: minecraft:block.end_portal_frame.fill
[19:48:59] [Render thread/WARN]: Missing sound for event: minecraft:block.end_portal.spawn
[19:48:59] [Render thread/WARN]: Missing sound for event: minecraft:entity.evoker.ambient
[19:48:59] [Render thread/WARN]: Missing sound for event: minecraft:entity.evoker.cast_spell
[19:48:59] [Render thread/WARN]: Missing sound for event: minecraft:entity.evoker.celebrate
[19:48:59] [Render thread/WARN]: Missing sound for event: minecraft:entity.evoker.death
[19:48:59] [Render thread/WARN]: Missing sound for event: minecraft:entity.evoker_fangs.attack
[19:48:59] [Render thread/WARN]: Missing sound for event: minecraft:entity.evoker.hurt
[19:48:59] [Render thread/WARN]: Missing sound for event: minecraft:entity.evoker.prepare_attack
[19:48:59] [Render thread/WARN]: Missing sound for event: minecraft:entity.evoker.prepare_summon
[19:48:59] [Render thread/WARN]: Missing sound for event: minecraft:entity.evoker.prepare_wololo
[19:48:59] [Render thread/WARN]: Missing sound for event: minecraft:entity.experience_bottle.throw
[19:48:59] [Render thread/WARN]: Missing sound for event: minecraft:entity.experience_orb.pickup
[19:48:59] [Render thread/WARN]: Missing sound for event: minecraft:block.eyeblossom.open_long
[19:48:59] [Render thread/WARN]: Missing sound for event: minecraft:block.eyeblossom.open
[19:48:59] [Render thread/WARN]: Missing sound for event: minecraft:block.eyeblossom.close_long
[19:48:59] [Render thread/WARN]: Missing sound for event: minecraft:block.eyeblossom.close
[19:48:59] [Render thread/WARN]: Missing sound for event: minecraft:block.eyeblossom.idle
[19:48:59] [Render thread/WARN]: Missing sound for event: minecraft:block.fence_gate.close
[19:48:59] [Render thread/WARN]: Missing sound for event: minecraft:block.fence_gate.open
[19:48:59] [Render thread/WARN]: Missing sound for event: minecraft:item.firecharge.use
[19:48:59] [Render thread/WARN]: Missing sound for event: minecraft:block.firefly_bush.idle
[19:48:59] [Render thread/WARN]: Missing sound for event: minecraft:entity.firework_rocket.blast
[19:48:59] [Render thread/WARN]: Missing sound for event: minecraft:entity.firework_rocket.blast_far
[19:48:59] [Render thread/WARN]: Missing sound for event: minecraft:entity.firework_rocket.large_blast
[19:48:59] [Render thread/WARN]: Missing sound for event: minecraft:entity.firework_rocket.large_blast_far
[19:48:59] [Render thread/WARN]: Missing sound for event: minecraft:entity.firework_rocket.launch
[19:48:59] [Render thread/WARN]: Missing sound for event: minecraft:entity.firework_rocket.shoot
[19:48:59] [Render thread/WARN]: Missing sound for event: minecraft:entity.firework_rocket.twinkle
[19:48:59] [Render thread/WARN]: Missing sound for event: minecraft:entity.firework_rocket.twinkle_far
[19:48:59] [Render thread/WARN]: Missing sound for event: minecraft:block.fire.ambient
[19:48:59] [Render thread/WARN]: Missing sound for event: minecraft:block.fire.extinguish
[19:48:59] [Render thread/WARN]: Missing sound for event: minecraft:entity.fish.swim
[19:48:59] [Render thread/WARN]: Missing sound for event: minecraft:entity.fishing_bobber.retrieve
[19:48:59] [Render thread/WARN]: Missing sound for event: minecraft:entity.fishing_bobber.splash
[19:48:59] [Render thread/WARN]: Missing sound for event: minecraft:entity.fishing_bobber.throw
[19:48:59] [Render thread/WARN]: Missing sound for event: minecraft:item.flintandsteel.use
[19:48:59] [Render thread/WARN]: Missing sound for event: minecraft:block.flowering_azalea.break
[19:48:59] [Render thread/WARN]: Missing sound for event: minecraft:block.flowering_azalea.fall
[19:48:59] [Render thread/WARN]: Missing sound for event: minecraft:block.flowering_azalea.hit
[19:48:59] [Render thread/WARN]: Missing sound for event: minecraft:block.flowering_azalea.place
[19:48:59] [Render thread/WARN]: Missing sound for event: minecraft:block.flowering_azalea.step
[19:48:59] [Render thread/WARN]: Missing sound for event: minecraft:entity.fox.aggro
[19:48:59] [Render thread/WARN]: Missing sound for event: minecraft:entity.fox.ambient
[19:48:59] [Render thread/WARN]: Missing sound for event: minecraft:entity.fox.bite
[19:48:59] [Render thread/WARN]: Missing sound for event: minecraft:entity.fox.death
[19:48:59] [Render thread/WARN]: Missing sound for event: minecraft:entity.fox.eat
[19:48:59] [Render thread/WARN]: Missing sound for event: minecraft:entity.fox.hurt
[19:48:59] [Render thread/WARN]: Missing sound for event: minecraft:entity.fox.screech
[19:48:59] [Render thread/WARN]: Missing sound for event: minecraft:entity.fox.sleep
[19:48:59] [Render thread/WARN]: Missing sound for event: minecraft:entity.fox.sniff
[19:48:59] [Render thread/WARN]: Missing sound for event: minecraft:entity.fox.spit
[19:48:59] [Render thread/WARN]: Missing sound for event: minecraft:entity.fox.teleport
[19:48:59] [Render thread/WARN]: Missing sound for event: minecraft:block.suspicious_sand.break
[19:48:59] [Render thread/WARN]: Missing sound for event: minecraft:block.suspicious_sand.step
[19:48:59] [Render thread/WARN]: Missing sound for event: minecraft:block.suspicious_sand.place
[19:48:59] [Render thread/WARN]: Missing sound for event: minecraft:block.suspicious_sand.hit
[19:48:59] [Render thread/WARN]: Missing sound for event: minecraft:block.suspicious_sand.fall
[19:48:59] [Render thread/WARN]: Missing sound for event: minecraft:block.suspicious_gravel.break
[19:48:59] [Render thread/WARN]: Missing sound for event: minecraft:block.suspicious_gravel.step
[19:48:59] [Render thread/WARN]: Missing sound for event: minecraft:block.suspicious_gravel.place
[19:48:59] [Render thread/WARN]: Missing sound for event: minecraft:block.suspicious_gravel.hit
[19:48:59] [Render thread/WARN]: Missing sound for event: minecraft:block.suspicious_gravel.fall
[19:48:59] [Render thread/WARN]: Missing sound for event: minecraft:block.froglight.break
[19:48:59] [Render thread/WARN]: Missing sound for event: minecraft:block.froglight.fall
[19:48:59] [Render thread/WARN]: Missing sound for event: minecraft:block.froglight.hit
[19:48:59] [Render thread/WARN]: Missing sound for event: minecraft:block.froglight.place
[19:48:59] [Render thread/WARN]: Missing sound for event: minecraft:block.froglight.step
[19:48:59] [Render thread/WARN]: Missing sound for event: minecraft:block.frogspawn.step
[19:48:59] [Render thread/WARN]: Missing sound for event: minecraft:block.frogspawn.break
[19:48:59] [Render thread/WARN]: Missing sound for event: minecraft:block.frogspawn.fall
[19:48:59] [Render thread/WARN]: Missing sound for event: minecraft:block.frogspawn.hatch
[19:48:59] [Render thread/WARN]: Missing sound for event: minecraft:block.frogspawn.hit
[19:48:59] [Render thread/WARN]: Missing sound for event: minecraft:block.frogspawn.place
[19:48:59] [Render thread/WARN]: Missing sound for event: minecraft:entity.frog.ambient
[19:48:59] [Render thread/WARN]: Missing sound for event: minecraft:entity.frog.death
[19:48:59] [Render thread/WARN]: Missing sound for event: minecraft:entity.frog.eat
[19:48:59] [Render thread/WARN]: Missing sound for event: minecraft:entity.frog.hurt
[19:48:59] [Render thread/WARN]: Missing sound for event: minecraft:entity.frog.lay_spawn
[19:48:59] [Render thread/WARN]: Missing sound for event: minecraft:entity.frog.long_jump
[19:48:59] [Render thread/WARN]: Missing sound for event: minecraft:entity.frog.step
[19:48:59] [Render thread/WARN]: Missing sound for event: minecraft:entity.frog.tongue
[19:48:59] [Render thread/WARN]: Missing sound for event: minecraft:block.roots.break
[19:48:59] [Render thread/WARN]: Missing sound for event: minecraft:block.roots.step
[19:48:59] [Render thread/WARN]: Missing sound for event: minecraft:block.roots.place
[19:48:59] [Render thread/WARN]: Missing sound for event: minecraft:block.roots.hit
[19:48:59] [Render thread/WARN]: Missing sound for event: minecraft:block.roots.fall
[19:48:59] [Render thread/WARN]: Missing sound for event: minecraft:block.furnace.fire_crackle
[19:48:59] [Render thread/WARN]: Missing sound for event: minecraft:entity.generic.big_fall
[19:48:59] [Render thread/WARN]: Missing sound for event: minecraft:entity.generic.burn
[19:48:59] [Render thread/WARN]: Missing sound for event: minecraft:entity.generic.death
[19:48:59] [Render thread/WARN]: Missing sound for event: minecraft:entity.generic.drink
[19:48:59] [Render thread/WARN]: Missing sound for event: minecraft:entity.generic.eat
[19:48:59] [Render thread/WARN]: Missing sound for event: minecraft:entity.generic.explode
[19:48:59] [Render thread/WARN]: Missing sound for event: minecraft:entity.generic.extinguish_fire
[19:48:59] [Render thread/WARN]: Missing sound for event: minecraft:entity.generic.hurt
[19:48:59] [Render thread/WARN]: Missing sound for event: minecraft:entity.generic.small_fall
[19:48:59] [Render thread/WARN]: Missing sound for event: minecraft:entity.generic.splash
[19:48:59] [Render thread/WARN]: Missing sound for event: minecraft:entity.generic.swim
[19:48:59] [Render thread/WARN]: Missing sound for event: minecraft:entity.ghast.ambient
[19:48:59] [Render thread/WARN]: Missing sound for event: minecraft:entity.ghast.death
[19:48:59] [Render thread/WARN]: Missing sound for event: minecraft:entity.ghast.hurt
[19:48:59] [Render thread/WARN]: Missing sound for event: minecraft:entity.ghast.scream
[19:48:59] [Render thread/WARN]: Missing sound for event: minecraft:entity.ghast.shoot
[19:48:59] [Render thread/WARN]: Missing sound for event: minecraft:entity.ghast.warn
[19:48:59] [Render thread/WARN]: Missing sound for event: minecraft:entity.ghastling.ambient
[19:48:59] [Render thread/WARN]: Missing sound for event: minecraft:entity.ghastling.death
[19:48:59] [Render thread/WARN]: Missing sound for event: minecraft:entity.ghastling.hurt
[19:48:59] [Render thread/WARN]: Missing sound for event: minecraft:entity.ghastling.spawn
[19:48:59] [Render thread/WARN]: Missing sound for event: minecraft:block.gilded_blackstone.break
[19:48:59] [Render thread/WARN]: Missing sound for event: minecraft:block.gilded_blackstone.fall
[19:48:59] [Render thread/WARN]: Missing sound for event: minecraft:block.gilded_blackstone.hit
[19:48:59] [Render thread/WARN]: Missing sound for event: minecraft:block.gilded_blackstone.place
[19:48:59] [Render thread/WARN]: Missing sound for event: minecraft:block.gilded_blackstone.step
[19:48:59] [Render thread/WARN]: Missing sound for event: minecraft:block.glass.break
[19:48:59] [Render thread/WARN]: Missing sound for event: minecraft:block.glass.fall
[19:48:59] [Render thread/WARN]: Missing sound for event: minecraft:block.glass.hit
[19:48:59] [Render thread/WARN]: Missing sound for event: minecraft:block.glass.place
[19:48:59] [Render thread/WARN]: Missing sound for event: minecraft:block.glass.step
[19:48:59] [Render thread/WARN]: Missing sound for event: minecraft:item.glow_ink_sac.use
[19:48:59] [Render thread/WARN]: Missing sound for event: minecraft:entity.glow_item_frame.add_item
[19:48:59] [Render thread/WARN]: Missing sound for event: minecraft:entity.glow_item_frame.break
[19:48:59] [Render thread/WARN]: Missing sound for event: minecraft:entity.glow_item_frame.place
[19:48:59] [Render thread/WARN]: Missing sound for event: minecraft:entity.glow_item_frame.remove_item
[19:48:59] [Render thread/WARN]: Missing sound for event: minecraft:entity.glow_item_frame.rotate_item
[19:48:59] [Render thread/WARN]: Missing sound for event: minecraft:entity.glow_squid.ambient
[19:48:59] [Render thread/WARN]: Missing sound for event: minecraft:entity.glow_squid.death
[19:48:59] [Render thread/WARN]: Missing sound for event: minecraft:entity.glow_squid.hurt
[19:48:59] [Render thread/WARN]: Missing sound for event: minecraft:entity.glow_squid.squirt
[19:48:59] [Render thread/WARN]: Missing sound for event: minecraft:entity.goat.ambient
[19:48:59] [Render thread/WARN]: Missing sound for event: minecraft:entity.goat.death
[19:48:59] [Render thread/WARN]: Missing sound for event: minecraft:entity.goat.eat
[19:48:59] [Render thread/WARN]: Missing sound for event: minecraft:entity.goat.hurt
[19:48:59] [Render thread/WARN]: Missing sound for event: minecraft:entity.goat.long_jump
[19:48:59] [Render thread/WARN]: Missing sound for event: minecraft:entity.goat.milk
[19:48:59] [Render thread/WARN]: Missing sound for event: minecraft:entity.goat.prepare_ram
[19:48:59] [Render thread/WARN]: Missing sound for event: minecraft:entity.goat.ram_impact
[19:48:59] [Render thread/WARN]: Missing sound for event: minecraft:entity.goat.horn_break
[19:48:59] [Render thread/WARN]: Missing sound for event: minecraft:entity.goat.screaming.ambient
[19:48:59] [Render thread/WARN]: Missing sound for event: minecraft:entity.goat.screaming.death
[19:48:59] [Render thread/WARN]: Missing sound for event: minecraft:entity.goat.screaming.eat
[19:48:59] [Render thread/WARN]: Missing sound for event: minecraft:entity.goat.screaming.hurt
[19:48:59] [Render thread/WARN]: Missing sound for event: minecraft:entity.goat.screaming.long_jump
[19:48:59] [Render thread/WARN]: Missing sound for event: minecraft:entity.goat.screaming.milk
[19:48:59] [Render thread/WARN]: Missing sound for event: minecraft:entity.goat.screaming.prepare_ram
[19:48:59] [Render thread/WARN]: Missing sound for event: minecraft:entity.goat.screaming.ram_impact
[19:48:59] [Render thread/WARN]: Missing sound for event: minecraft:entity.goat.step
[19:48:59] [Render thread/WARN]: Missing sound for event: minecraft:block.grass.break
[19:48:59] [Render thread/WARN]: Missing sound for event: minecraft:block.grass.fall
[19:48:59] [Render thread/WARN]: Missing sound for event: minecraft:block.grass.hit
[19:48:59] [Render thread/WARN]: Missing sound for event: minecraft:block.grass.place
[19:48:59] [Render thread/WARN]: Missing sound for event: minecraft:block.grass.step
[19:48:59] [Render thread/WARN]: Missing sound for event: minecraft:block.gravel.break
[19:48:59] [Render thread/WARN]: Missing sound for event: minecraft:block.gravel.fall
[19:48:59] [Render thread/WARN]: Missing sound for event: minecraft:block.gravel.hit
[19:48:59] [Render thread/WARN]: Missing sound for event: minecraft:block.gravel.place
[19:48:59] [Render thread/WARN]: Missing sound for event: minecraft:block.gravel.step
[19:48:59] [Render thread/WARN]: Missing sound for event: minecraft:block.grindstone.use
[19:48:59] [Render thread/WARN]: Missing sound for event: minecraft:block.growing_plant.crop
[19:48:59] [Render thread/WARN]: Missing sound for event: minecraft:entity.guardian.ambient
[19:48:59] [Render thread/WARN]: Missing sound for event: minecraft:entity.guardian.ambient_land
[19:48:59] [Render thread/WARN]: Missing sound for event: minecraft:entity.guardian.attack
[19:48:59] [Render thread/WARN]: Missing sound for event: minecraft:entity.guardian.death
[19:48:59] [Render thread/WARN]: Missing sound for event: minecraft:entity.guardian.death_land
[19:48:59] [Render thread/WARN]: Missing sound for event: minecraft:entity.guardian.flop
[19:48:59] [Render thread/WARN]: Missing sound for event: minecraft:entity.guardian.hurt
[19:48:59] [Render thread/WARN]: Missing sound for event: minecraft:entity.guardian.hurt_land
[19:48:59] [Render thread/WARN]: Missing sound for event: minecraft:block.hanging_roots.break
[19:48:59] [Render thread/WARN]: Missing sound for event: minecraft:block.hanging_roots.fall
[19:48:59] [Render thread/WARN]: Missing sound for event: minecraft:block.hanging_roots.hit
[19:48:59] [Render thread/WARN]: Missing sound for event: minecraft:block.hanging_roots.place
[19:48:59] [Render thread/WARN]: Missing sound for event: minecraft:block.hanging_roots.step
[19:48:59] [Render thread/WARN]: Missing sound for event: minecraft:block.hanging_sign.step
[19:48:59] [Render thread/WARN]: Missing sound for event: minecraft:block.hanging_sign.break
[19:48:59] [Render thread/WARN]: Missing sound for event: minecraft:block.hanging_sign.fall
[19:48:59] [Render thread/WARN]: Missing sound for event: minecraft:block.hanging_sign.hit
[19:48:59] [Render thread/WARN]: Missing sound for event: minecraft:block.hanging_sign.place
[19:48:59] [Render thread/WARN]: Missing sound for event: minecraft:entity.happy_ghast.ambient
[19:48:59] [Render thread/WARN]: Missing sound for event: minecraft:entity.happy_ghast.death
[19:48:59] [Render thread/WARN]: Missing sound for event: minecraft:entity.happy_ghast.hurt
[19:48:59] [Render thread/WARN]: Missing sound for event: minecraft:entity.happy_ghast.riding
[19:48:59] [Render thread/WARN]: Missing sound for event: minecraft:block.heavy_core.break
[19:48:59] [Render thread/WARN]: Missing sound for event: minecraft:block.heavy_core.fall
[19:48:59] [Render thread/WARN]: Missing sound for event: minecraft:block.heavy_core.hit
[19:48:59] [Render thread/WARN]: Missing sound for event: minecraft:block.heavy_core.place
[19:48:59] [Render thread/WARN]: Missing sound for event: minecraft:block.heavy_core.step
[19:48:59] [Render thread/WARN]: Missing sound for event: minecraft:block.nether_wood_hanging_sign.step
[19:48:59] [Render thread/WARN]: Missing sound for event: minecraft:block.nether_wood_hanging_sign.break
[19:48:59] [Render thread/WARN]: Missing sound for event: minecraft:block.nether_wood_hanging_sign.fall
[19:48:59] [Render thread/WARN]: Missing sound for event: minecraft:block.nether_wood_hanging_sign.hit
[19:48:59] [Render thread/WARN]: Missing sound for event: minecraft:block.nether_wood_hanging_sign.place
[19:48:59] [Render thread/WARN]: Missing sound for event: minecraft:block.bamboo_wood_hanging_sign.step
[19:48:59] [Render thread/WARN]: Missing sound for event: minecraft:block.bamboo_wood_hanging_sign.break
[19:48:59] [Render thread/WARN]: Missing sound for event: minecraft:block.bamboo_wood_hanging_sign.fall
[19:48:59] [Render thread/WARN]: Missing sound for event: minecraft:block.bamboo_wood_hanging_sign.hit
[19:48:59] [Render thread/WARN]: Missing sound for event: minecraft:block.bamboo_wood_hanging_sign.place
[19:48:59] [Render thread/WARN]: Missing sound for event: minecraft:block.trial_spawner.break
[19:48:59] [Render thread/WARN]: Missing sound for event: minecraft:block.trial_spawner.step
[19:48:59] [Render thread/WARN]: Missing sound for event: minecraft:block.trial_spawner.place
[19:48:59] [Render thread/WARN]: Missing sound for event: minecraft:block.trial_spawner.hit
[19:48:59] [Render thread/WARN]: Missing sound for event: minecraft:block.trial_spawner.fall
[19:48:59] [Render thread/WARN]: Missing sound for event: minecraft:block.trial_spawner.spawn_mob
[19:48:59] [Render thread/WARN]: Missing sound for event: minecraft:block.trial_spawner.about_to_spawn_item
[19:48:59] [Render thread/WARN]: Missing sound for event: minecraft:block.trial_spawner.spawn_item
[19:48:59] [Render thread/WARN]: Missing sound for event: minecraft:block.trial_spawner.spawn_item_begin
[19:48:59] [Render thread/WARN]: Missing sound for event: minecraft:block.trial_spawner.detect_player
[19:48:59] [Render thread/WARN]: Missing sound for event: minecraft:block.trial_spawner.ominous_activate
[19:48:59] [Render thread/WARN]: Missing sound for event: minecraft:block.trial_spawner.ambient
[19:48:59] [Render thread/WARN]: Missing sound for event: minecraft:block.trial_spawner.ambient_ominous
[19:48:59] [Render thread/WARN]: Missing sound for event: minecraft:block.trial_spawner.open_shutter
[19:48:59] [Render thread/WARN]: Missing sound for event: minecraft:block.trial_spawner.close_shutter
[19:48:59] [Render thread/WARN]: Missing sound for event: minecraft:block.trial_spawner.eject_item
[19:48:59] [Render thread/WARN]: Missing sound for event: minecraft:entity.happy_ghast.equip
[19:48:59] [Render thread/WARN]: Missing sound for event: minecraft:entity.happy_ghast.unequip
[19:48:59] [Render thread/WARN]: Missing sound for event: minecraft:entity.happy_ghast.harness_goggles_up
[19:48:59] [Render thread/WARN]: Missing sound for event: minecraft:entity.happy_ghast.harness_goggles_down
[19:48:59] [Render thread/WARN]: Missing sound for event: minecraft:item.hoe.till
[19:48:59] [Render thread/WARN]: Missing sound for event: minecraft:entity.hoglin.ambient
[19:48:59] [Render thread/WARN]: Missing sound for event: minecraft:entity.hoglin.angry
[19:48:59] [Render thread/WARN]: Missing sound for event: minecraft:entity.hoglin.attack
[19:48:59] [Render thread/WARN]: Missing sound for event: minecraft:entity.hoglin.converted_to_zombified
[19:48:59] [Render thread/WARN]: Missing sound for event: minecraft:entity.hoglin.death
[19:48:59] [Render thread/WARN]: Missing sound for event: minecraft:entity.hoglin.hurt
[19:48:59] [Render thread/WARN]: Missing sound for event: minecraft:entity.hoglin.retreat
[19:48:59] [Render thread/WARN]: Missing sound for event: minecraft:entity.hoglin.step
[19:48:59] [Render thread/WARN]: Missing sound for event: minecraft:block.honey_block.break
[19:48:59] [Render thread/WARN]: Missing sound for event: minecraft:block.honey_block.fall
[19:48:59] [Render thread/WARN]: Missing sound for event: minecraft:block.honey_block.hit
[19:48:59] [Render thread/WARN]: Missing sound for event: minecraft:block.honey_block.place
[19:48:59] [Render thread/WARN]: Missing sound for event: minecraft:block.honey_block.slide
[19:48:59] [Render thread/WARN]: Missing sound for event: minecraft:block.honey_block.step
[19:48:59] [Render thread/WARN]: Missing sound for event: minecraft:item.honeycomb.wax_on
[19:48:59] [Render thread/WARN]: Missing sound for event: minecraft:item.honey_bottle.drink
[19:48:59] [Render thread/WARN]: Missing sound for event: minecraft:item.goat_horn.sound.0
[19:48:59] [Render thread/WARN]: Missing sound for event: minecraft:item.goat_horn.sound.1
[19:48:59] [Render thread/WARN]: Missing sound for event: minecraft:item.goat_horn.sound.2
[19:48:59] [Render thread/WARN]: Missing sound for event: minecraft:item.goat_horn.sound.3
[19:48:59] [Render thread/WARN]: Missing sound for event: minecraft:item.goat_horn.sound.4
[19:48:59] [Render thread/WARN]: Missing sound for event: minecraft:item.goat_horn.sound.5
[19:48:59] [Render thread/WARN]: Missing sound for event: minecraft:item.goat_horn.sound.6
[19:48:59] [Render thread/WARN]: Missing sound for event: minecraft:item.goat_horn.sound.7
[19:48:59] [Render thread/WARN]: Missing sound for event: minecraft:entity.horse.ambient
[19:48:59] [Render thread/WARN]: Missing sound for event: minecraft:entity.horse.angry
[19:48:59] [Render thread/WARN]: Missing sound for event: minecraft:entity.horse.armor
[19:48:59] [Render thread/WARN]: Missing sound for event: minecraft:item.horse_armor.unequip
[19:48:59] [Render thread/WARN]: Missing sound for event: minecraft:entity.horse.breathe
[19:48:59] [Render thread/WARN]: Missing sound for event: minecraft:entity.horse.death
[19:48:59] [Render thread/WARN]: Missing sound for event: minecraft:entity.horse.eat
[19:48:59] [Render thread/WARN]: Missing sound for event: minecraft:entity.horse.gallop
[19:48:59] [Render thread/WARN]: Missing sound for event: minecraft:entity.horse.hurt
[19:48:59] [Render thread/WARN]: Missing sound for event: minecraft:entity.horse.jump
[19:48:59] [Render thread/WARN]: Missing sound for event: minecraft:entity.horse.land
[19:48:59] [Render thread/WARN]: Missing sound for event: minecraft:entity.horse.saddle
[19:48:59] [Render thread/WARN]: Missing sound for event: minecraft:entity.horse.step
[19:48:59] [Render thread/WARN]: Missing sound for event: minecraft:entity.horse.step_wood
[19:48:59] [Render thread/WARN]: Missing sound for event: minecraft:entity.hostile.big_fall
[19:48:59] [Render thread/WARN]: Missing sound for event: minecraft:entity.hostile.death
[19:48:59] [Render thread/WARN]: Missing sound for event: minecraft:entity.hostile.hurt
[19:48:59] [Render thread/WARN]: Missing sound for event: minecraft:entity.hostile.small_fall
[19:48:59] [Render thread/WARN]: Missing sound for event: minecraft:entity.hostile.splash
[19:48:59] [Render thread/WARN]: Missing sound for event: minecraft:entity.hostile.swim
[19:48:59] [Render thread/WARN]: Missing sound for event: minecraft:entity.husk.ambient
[19:48:59] [Render thread/WARN]: Missing sound for event: minecraft:entity.husk.converted_to_zombie
[19:48:59] [Render thread/WARN]: Missing sound for event: minecraft:entity.husk.death
[19:48:59] [Render thread/WARN]: Missing sound for event: minecraft:entity.husk.hurt
[19:48:59] [Render thread/WARN]: Missing sound for event: minecraft:entity.husk.step
[19:48:59] [Render thread/WARN]: Missing sound for event: minecraft:entity.illusioner.ambient
[19:48:59] [Render thread/WARN]: Missing sound for event: minecraft:entity.illusioner.cast_spell
[19:48:59] [Render thread/WARN]: Missing sound for event: minecraft:entity.illusioner.death
[19:48:59] [Render thread/WARN]: Missing sound for event: minecraft:entity.illusioner.hurt
[19:48:59] [Render thread/WARN]: Missing sound for event: minecraft:entity.illusioner.mirror_move
[19:48:59] [Render thread/WARN]: Missing sound for event: minecraft:entity.illusioner.prepare_blindness
[19:48:59] [Render thread/WARN]: Missing sound for event: minecraft:entity.illusioner.prepare_mirror
[19:48:59] [Render thread/WARN]: Missing sound for event: minecraft:item.ink_sac.use
[19:48:59] [Render thread/WARN]: Missing sound for event: minecraft:block.iron.break
[19:48:59] [Render thread/WARN]: Missing sound for event: minecraft:block.iron.step
[19:48:59] [Render thread/WARN]: Missing sound for event: minecraft:block.iron.place
[19:48:59] [Render thread/WARN]: Missing sound for event: minecraft:block.iron.hit
[19:48:59] [Render thread/WARN]: Missing sound for event: minecraft:block.iron.fall
[19:48:59] [Render thread/WARN]: Missing sound for event: minecraft:block.iron_door.close
[19:48:59] [Render thread/WARN]: Missing sound for event: minecraft:block.iron_door.open
[19:48:59] [Render thread/WARN]: Missing sound for event: minecraft:entity.iron_golem.attack
[19:48:59] [Render thread/WARN]: Missing sound for event: minecraft:entity.iron_golem.damage
[19:48:59] [Render thread/WARN]: Missing sound for event: minecraft:entity.iron_golem.death
[19:48:59] [Render thread/WARN]: Missing sound for event: minecraft:entity.iron_golem.hurt
[19:48:59] [Render thread/WARN]: Missing sound for event: minecraft:entity.iron_golem.repair
[19:48:59] [Render thread/WARN]: Missing sound for event: minecraft:entity.iron_golem.step
[19:48:59] [Render thread/WARN]: Missing sound for event: minecraft:block.iron_trapdoor.close
[19:48:59] [Render thread/WARN]: Missing sound for event: minecraft:block.iron_trapdoor.open
[19:48:59] [Render thread/WARN]: Missing sound for event: minecraft:entity.item_frame.add_item
[19:48:59] [Render thread/WARN]: Missing sound for event: minecraft:entity.item_frame.break
[19:48:59] [Render thread/WARN]: Missing sound for event: minecraft:entity.item_frame.place
[19:48:59] [Render thread/WARN]: Missing sound for event: minecraft:entity.item_frame.remove_item
[19:48:59] [Render thread/WARN]: Missing sound for event: minecraft:entity.item_frame.rotate_item
[19:48:59] [Render thread/WARN]: Missing sound for event: minecraft:entity.item.break
[19:48:59] [Render thread/WARN]: Missing sound for event: minecraft:entity.item.pickup
[19:48:59] [Render thread/WARN]: Missing sound for event: minecraft:block.ladder.break
[19:48:59] [Render thread/WARN]: Missing sound for event: minecraft:block.ladder.fall
[19:48:59] [Render thread/WARN]: Missing sound for event: minecraft:block.ladder.hit
[19:48:59] [Render thread/WARN]: Missing sound for event: minecraft:block.ladder.place
[19:48:59] [Render thread/WARN]: Missing sound for event: minecraft:block.ladder.step
[19:48:59] [Render thread/WARN]: Missing sound for event: minecraft:block.lantern.break
[19:48:59] [Render thread/WARN]: Missing sound for event: minecraft:block.lantern.fall
[19:48:59] [Render thread/WARN]: Missing sound for event: minecraft:block.lantern.hit
[19:48:59] [Render thread/WARN]: Missing sound for event: minecraft:block.lantern.place
[19:48:59] [Render thread/WARN]: Missing sound for event: minecraft:block.lantern.step
[19:48:59] [Render thread/WARN]: Missing sound for event: minecraft:block.large_amethyst_bud.break
[19:48:59] [Render thread/WARN]: Missing sound for event: minecraft:block.large_amethyst_bud.place
[19:48:59] [Render thread/WARN]: Missing sound for event: minecraft:block.lava.ambient
[19:48:59] [Render thread/WARN]: Missing sound for event: minecraft:block.lava.extinguish
[19:48:59] [Render thread/WARN]: Missing sound for event: minecraft:block.lava.pop
[19:48:59] [Render thread/WARN]: Missing sound for event: minecraft:block.leaf_litter.break
[19:48:59] [Render thread/WARN]: Missing sound for event: minecraft:block.leaf_litter.step
[19:48:59] [Worker-Main-1/INFO]: Found unifont_pua-17.0.01.hex, loading
[19:48:59] [Render thread/WARN]: Missing sound for event: minecraft:block.leaf_litter.place
[19:48:59] [Render thread/WARN]: Missing sound for event: minecraft:block.leaf_litter.hit
[19:48:59] [Render thread/WARN]: Missing sound for event: minecraft:block.leaf_litter.fall
[19:48:59] [Render thread/WARN]: Missing sound for event: minecraft:item.lead.untied
[19:48:59] [Render thread/WARN]: Missing sound for event: minecraft:item.lead.tied
[19:48:59] [Render thread/WARN]: Missing sound for event: minecraft:item.lead.break
[19:48:59] [Render thread/WARN]: Missing sound for event: minecraft:block.lever.click
[19:48:59] [Render thread/WARN]: Missing sound for event: minecraft:entity.lightning_bolt.impact
[19:48:59] [Render thread/WARN]: Missing sound for event: minecraft:entity.lightning_bolt.thunder
[19:48:59] [Render thread/WARN]: Missing sound for event: minecraft:entity.lingering_potion.throw
[19:48:59] [Render thread/WARN]: Missing sound for event: minecraft:entity.llama.ambient
[19:48:59] [Render thread/WARN]: Missing sound for event: minecraft:entity.llama.angry
[19:48:59] [Render thread/WARN]: Missing sound for event: minecraft:entity.llama.chest
[19:48:59] [Render thread/WARN]: Missing sound for event: minecraft:entity.llama.death
[19:48:59] [Render thread/WARN]: Missing sound for event: minecraft:entity.llama.eat
[19:48:59] [Render thread/WARN]: Missing sound for event: minecraft:entity.llama.hurt
[19:48:59] [Render thread/WARN]: Missing sound for event: minecraft:entity.llama.spit
[19:48:59] [Render thread/WARN]: Missing sound for event: minecraft:entity.llama.step
[19:48:59] [Render thread/WARN]: Missing sound for event: minecraft:entity.llama.swag
[19:48:59] [Render thread/WARN]: Missing sound for event: minecraft:item.llama_carpet.unequip
[19:48:59] [Render thread/WARN]: Missing sound for event: minecraft:entity.magma_cube.death_small
[19:48:59] [Render thread/WARN]: Missing sound for event: minecraft:block.lodestone.break
[19:48:59] [Render thread/WARN]: Missing sound for event: minecraft:block.lodestone.step
[19:48:59] [Render thread/WARN]: Missing sound for event: minecraft:block.lodestone.place
[19:48:59] [Render thread/WARN]: Missing sound for event: minecraft:block.lodestone.hit
[19:48:59] [Render thread/WARN]: Missing sound for event: minecraft:block.lodestone.fall
[19:48:59] [Render thread/WARN]: Missing sound for event: minecraft:item.lodestone_compass.lock
[19:48:59] [Render thread/WARN]: Missing sound for event: minecraft:item.spear.lunge_1
[19:48:59] [Render thread/WARN]: Missing sound for event: minecraft:item.spear.lunge_2
[19:48:59] [Render thread/WARN]: Missing sound for event: minecraft:item.spear.lunge_3
[19:48:59] [Render thread/WARN]: Missing sound for event: minecraft:item.mace.smash_air
[19:48:59] [Render thread/WARN]: Missing sound for event: minecraft:item.mace.smash_ground
[19:48:59] [Render thread/WARN]: Missing sound for event: minecraft:item.mace.smash_ground_heavy
[19:48:59] [Render thread/WARN]: Missing sound for event: minecraft:entity.magma_cube.death
[19:48:59] [Render thread/WARN]: Missing sound for event: minecraft:entity.magma_cube.hurt
[19:48:59] [Render thread/WARN]: Missing sound for event: minecraft:entity.magma_cube.hurt_small
[19:48:59] [Render thread/WARN]: Missing sound for event: minecraft:entity.magma_cube.jump
[19:48:59] [Render thread/WARN]: Missing sound for event: minecraft:entity.magma_cube.squish
[19:48:59] [Render thread/WARN]: Missing sound for event: minecraft:entity.magma_cube.squish_small
[19:48:59] [Render thread/WARN]: Missing sound for event: minecraft:block.mangrove_roots.break
[19:48:59] [Render thread/WARN]: Missing sound for event: minecraft:block.mangrove_roots.fall
[19:48:59] [Render thread/WARN]: Missing sound for event: minecraft:block.mangrove_roots.hit
[19:48:59] [Render thread/WARN]: Missing sound for event: minecraft:block.mangrove_roots.place
[19:48:59] [Render thread/WARN]: Missing sound for event: minecraft:block.mangrove_roots.step
[19:48:59] [Render thread/WARN]: Missing sound for event: minecraft:block.medium_amethyst_bud.break
[19:48:59] [Render thread/WARN]: Missing sound for event: minecraft:block.medium_amethyst_bud.place
[19:48:59] [Render thread/WARN]: Missing sound for event: minecraft:block.metal.break
[19:48:59] [Render thread/WARN]: Missing sound for event: minecraft:block.metal.fall
[19:48:59] [Render thread/WARN]: Missing sound for event: minecraft:block.metal.hit
[19:48:59] [Render thread/WARN]: Missing sound for event: minecraft:block.metal.place
[19:48:59] [Render thread/WARN]: Missing sound for event: minecraft:block.metal_pressure_plate.click_off
[19:48:59] [Render thread/WARN]: Missing sound for event: minecraft:block.metal_pressure_plate.click_on
[19:48:59] [Render thread/WARN]: Missing sound for event: minecraft:block.metal.step
[19:48:59] [Render thread/WARN]: Missing sound for event: minecraft:entity.minecart.inside.underwater
[19:48:59] [Render thread/WARN]: Missing sound for event: minecraft:entity.minecart.inside
[19:48:59] [Render thread/WARN]: Missing sound for event: minecraft:entity.minecart.riding
[19:48:59] [Render thread/WARN]: Missing sound for event: minecraft:entity.mooshroom.convert
[19:48:59] [Render thread/WARN]: Missing sound for event: minecraft:entity.mooshroom.eat
[19:48:59] [Render thread/WARN]: Missing sound for event: minecraft:entity.mooshroom.milk
[19:48:59] [Render thread/WARN]: Missing sound for event: minecraft:entity.mooshroom.suspicious_milk
[19:48:59] [Render thread/WARN]: Missing sound for event: minecraft:entity.mooshroom.shear
[19:48:59] [Render thread/WARN]: Missing sound for event: minecraft:block.moss_carpet.break
[19:48:59] [Render thread/WARN]: Missing sound for event: minecraft:block.moss_carpet.fall
[19:48:59] [Render thread/WARN]: Missing sound for event: minecraft:block.moss_carpet.hit
[19:48:59] [Render thread/WARN]: Missing sound for event: minecraft:block.moss_carpet.place
[19:48:59] [Render thread/WARN]: Missing sound for event: minecraft:block.moss_carpet.step
[19:48:59] [Render thread/WARN]: Missing sound for event: minecraft:block.pink_petals.break
[19:48:59] [Render thread/WARN]: Missing sound for event: minecraft:block.pink_petals.fall
[19:48:59] [Render thread/WARN]: Missing sound for event: minecraft:block.pink_petals.hit
[19:48:59] [Render thread/WARN]: Missing sound for event: minecraft:block.pink_petals.place
[19:48:59] [Render thread/WARN]: Missing sound for event: minecraft:block.pink_petals.step
[19:48:59] [Render thread/WARN]: Missing sound for event: minecraft:block.moss.break
[19:48:59] [Render thread/WARN]: Missing sound for event: minecraft:block.moss.fall
[19:48:59] [Render thread/WARN]: Missing sound for event: minecraft:block.moss.hit
[19:48:59] [Render thread/WARN]: Missing sound for event: minecraft:block.moss.place
[19:48:59] [Render thread/WARN]: Missing sound for event: minecraft:block.moss.step
[19:48:59] [Render thread/WARN]: Missing sound for event: minecraft:block.mud.break
[19:48:59] [Render thread/WARN]: Missing sound for event: minecraft:block.mud.fall
[19:48:59] [Render thread/WARN]: Missing sound for event: minecraft:block.mud.hit
[19:48:59] [Render thread/WARN]: Missing sound for event: minecraft:block.mud.place
[19:48:59] [Render thread/WARN]: Missing sound for event: minecraft:block.mud.step
[19:48:59] [Render thread/WARN]: Missing sound for event: minecraft:block.mud_bricks.break
[19:48:59] [Render thread/WARN]: Missing sound for event: minecraft:block.mud_bricks.fall
[19:48:59] [Render thread/WARN]: Missing sound for event: minecraft:block.mud_bricks.hit
[19:48:59] [Render thread/WARN]: Missing sound for event: minecraft:block.mud_bricks.place
[19:48:59] [Render thread/WARN]: Missing sound for event: minecraft:block.mud_bricks.step
[19:48:59] [Render thread/WARN]: Missing sound for event: minecraft:block.muddy_mangrove_roots.break
[19:48:59] [Render thread/WARN]: Missing sound for event: minecraft:block.muddy_mangrove_roots.fall
[19:48:59] [Render thread/WARN]: Missing sound for event: minecraft:block.muddy_mangrove_roots.hit
[19:48:59] [Render thread/WARN]: Missing sound for event: minecraft:block.muddy_mangrove_roots.place
[19:48:59] [Render thread/WARN]: Missing sound for event: minecraft:block.muddy_mangrove_roots.step
[19:48:59] [Render thread/WARN]: Missing sound for event: minecraft:entity.mule.ambient
[19:48:59] [Render thread/WARN]: Missing sound for event: minecraft:entity.mule.angry
[19:48:59] [Render thread/WARN]: Missing sound for event: minecraft:entity.mule.chest
[19:48:59] [Render thread/WARN]: Missing sound for event: minecraft:entity.mule.death
[19:48:59] [Render thread/WARN]: Missing sound for event: minecraft:entity.mule.eat
[19:48:59] [Render thread/WARN]: Missing sound for event: minecraft:entity.mule.hurt
[19:48:59] [Render thread/WARN]: Missing sound for event: minecraft:entity.mule.jump
[19:48:59] [Render thread/WARN]: Missing sound for event: minecraft:music.creative
[19:48:59] [Render thread/WARN]: Missing sound for event: minecraft:music.credits
[19:48:59] [Render thread/WARN]: Missing sound for event: minecraft:music_disc.5
[19:48:59] [Render thread/WARN]: Missing sound for event: minecraft:music_disc.11
[19:48:59] [Render thread/WARN]: Missing sound for event: minecraft:music_disc.13
[19:48:59] [Render thread/WARN]: Missing sound for event: minecraft:music_disc.blocks
[19:48:59] [Render thread/WARN]: Missing sound for event: minecraft:music_disc.cat
[19:48:59] [Render thread/WARN]: Missing sound for event: minecraft:music_disc.chirp
[19:48:59] [Render thread/WARN]: Missing sound for event: minecraft:music_disc.far
[19:48:59] [Render thread/WARN]: Missing sound for event: minecraft:music_disc.lava_chicken
[19:48:59] [Render thread/WARN]: Missing sound for event: minecraft:music_disc.mall
[19:48:59] [Render thread/WARN]: Missing sound for event: minecraft:music_disc.mellohi
[19:48:59] [Render thread/WARN]: Missing sound for event: minecraft:music_disc.pigstep
[19:48:59] [Render thread/WARN]: Missing sound for event: minecraft:music_disc.stal
[19:48:59] [Render thread/WARN]: Missing sound for event: minecraft:music_disc.strad
[19:48:59] [Render thread/WARN]: Missing sound for event: minecraft:music_disc.wait
[19:48:59] [Render thread/WARN]: Missing sound for event: minecraft:music_disc.ward
[19:48:59] [Render thread/WARN]: Missing sound for event: minecraft:music_disc.otherside
[19:48:59] [Render thread/WARN]: Missing sound for event: minecraft:music_disc.relic
[19:48:59] [Render thread/WARN]: Missing sound for event: minecraft:music_disc.creator
[19:48:59] [Render thread/WARN]: Missing sound for event: minecraft:music_disc.creator_music_box
[19:48:59] [Render thread/WARN]: Missing sound for event: minecraft:music_disc.precipice
[19:48:59] [Render thread/WARN]: Missing sound for event: minecraft:music_disc.tears
[19:48:59] [Render thread/WARN]: Missing sound for event: minecraft:music.dragon
[19:48:59] [Render thread/WARN]: Missing sound for event: minecraft:music.end
[19:48:59] [Render thread/WARN]: Missing sound for event: minecraft:music.game
[19:48:59] [Render thread/WARN]: Missing sound for event: minecraft:music.menu
[19:48:59] [Render thread/WARN]: Missing sound for event: minecraft:music.nether.basalt_deltas
[19:48:59] [Render thread/WARN]: Missing sound for event: minecraft:music.nether.crimson_forest
[19:48:59] [Render thread/WARN]: Missing sound for event: minecraft:music.overworld.deep_dark
[19:48:59] [Render thread/WARN]: Missing sound for event: minecraft:music.overworld.dripstone_caves
[19:48:59] [Render thread/WARN]: Missing sound for event: minecraft:music.overworld.grove
[19:48:59] [Render thread/WARN]: Missing sound for event: minecraft:music.overworld.jagged_peaks
[19:48:59] [Render thread/WARN]: Missing sound for event: minecraft:music.overworld.lush_caves
[19:48:59] [Render thread/WARN]: Missing sound for event: minecraft:music.overworld.swamp
[19:48:59] [Render thread/WARN]: Missing sound for event: minecraft:music.overworld.forest
[19:48:59] [Render thread/WARN]: Missing sound for event: minecraft:music.overworld.old_growth_taiga
[19:48:59] [Render thread/WARN]: Missing sound for event: minecraft:music.overworld.meadow
[19:48:59] [Render thread/WARN]: Missing sound for event: minecraft:music.overworld.cherry_grove
[19:48:59] [Render thread/WARN]: Missing sound for event: minecraft:music.nether.nether_wastes
[19:48:59] [Render thread/WARN]: Missing sound for event: minecraft:music.overworld.frozen_peaks
[19:48:59] [Render thread/WARN]: Missing sound for event: minecraft:music.overworld.snowy_slopes
[19:48:59] [Render thread/WARN]: Missing sound for event: minecraft:music.nether.soul_sand_valley
[19:48:59] [Render thread/WARN]: Missing sound for event: minecraft:music.overworld.stony_peaks
[19:48:59] [Render thread/WARN]: Missing sound for event: minecraft:music.nether.warped_forest
[19:48:59] [Render thread/WARN]: Missing sound for event: minecraft:music.overworld.flower_forest
[19:48:59] [Render thread/WARN]: Missing sound for event: minecraft:music.overworld.desert
[19:48:59] [Render thread/WARN]: Missing sound for event: minecraft:music.overworld.badlands
[19:48:59] [Render thread/WARN]: Missing sound for event: minecraft:music.overworld.jungle
[19:48:59] [Render thread/WARN]: Missing sound for event: minecraft:music.overworld.sparse_jungle
[19:48:59] [Render thread/WARN]: Missing sound for event: minecraft:music.overworld.bamboo_jungle
[19:48:59] [Render thread/WARN]: Missing sound for event: minecraft:music.under_water
[19:48:59] [Render thread/WARN]: Missing sound for event: minecraft:entity.nautilus.ambient
[19:48:59] [Render thread/WARN]: Missing sound for event: minecraft:entity.nautilus.ambient_land
[19:48:59] [Render thread/WARN]: Missing sound for event: minecraft:entity.nautilus.dash
[19:48:59] [Render thread/WARN]: Missing sound for event: minecraft:entity.nautilus.dash_land
[19:48:59] [Render thread/WARN]: Missing sound for event: minecraft:entity.nautilus.dash_ready
[19:48:59] [Render thread/WARN]: Missing sound for event: minecraft:entity.nautilus.dash_ready_land
[19:48:59] [Render thread/WARN]: Missing sound for event: minecraft:entity.nautilus.death
[19:48:59] [Render thread/WARN]: Missing sound for event: minecraft:entity.nautilus.death_land
[19:48:59] [Render thread/WARN]: Missing sound for event: minecraft:entity.nautilus.eat
[19:48:59] [Render thread/WARN]: Missing sound for event: minecraft:entity.nautilus.hurt
[19:48:59] [Render thread/WARN]: Missing sound for event: minecraft:entity.nautilus.hurt_land
[19:48:59] [Render thread/WARN]: Missing sound for event: minecraft:entity.nautilus.swim
[19:48:59] [Render thread/WARN]: Missing sound for event: minecraft:block.nether_bricks.break
[19:48:59] [Render thread/WARN]: Missing sound for event: minecraft:block.nether_bricks.step
[19:48:59] [Render thread/WARN]: Missing sound for event: minecraft:block.nether_bricks.place
[19:48:59] [Render thread/WARN]: Missing sound for event: minecraft:block.nether_bricks.hit
[19:48:59] [Render thread/WARN]: Missing sound for event: minecraft:block.nether_bricks.fall
[19:48:59] [Render thread/WARN]: Missing sound for event: minecraft:block.nether_wart.break
[19:48:59] [Render thread/WARN]: Missing sound for event: minecraft:item.nether_wart.plant
[19:48:59] [Render thread/WARN]: Missing sound for event: minecraft:block.nether_wood.break
[19:48:59] [Render thread/WARN]: Missing sound for event: minecraft:block.nether_wood.fall
[19:48:59] [Render thread/WARN]: Missing sound for event: minecraft:block.nether_wood.hit
[19:48:59] [Render thread/WARN]: Missing sound for event: minecraft:block.nether_wood.place
[19:48:59] [Render thread/WARN]: Missing sound for event: minecraft:block.nether_wood.step
[19:48:59] [Render thread/WARN]: Missing sound for event: minecraft:block.nether_wood_door.close
[19:48:59] [Render thread/WARN]: Missing sound for event: minecraft:block.nether_wood_door.open
[19:48:59] [Render thread/WARN]: Missing sound for event: minecraft:block.nether_wood_trapdoor.close
[19:48:59] [Render thread/WARN]: Missing sound for event: minecraft:block.nether_wood_trapdoor.open
[19:48:59] [Render thread/WARN]: Missing sound for event: minecraft:block.nether_wood_button.click_off
[19:48:59] [Render thread/WARN]: Missing sound for event: minecraft:block.nether_wood_button.click_on
[19:48:59] [Render thread/WARN]: Missing sound for event: minecraft:block.nether_wood_pressure_plate.click_off
[19:48:59] [Render thread/WARN]: Missing sound for event: minecraft:block.nether_wood_pressure_plate.click_on
[19:48:59] [Render thread/WARN]: Missing sound for event: minecraft:block.nether_wood_fence_gate.close
[19:48:59] [Render thread/WARN]: Missing sound for event: minecraft:block.nether_wood_fence_gate.open
[19:48:59] [Render thread/WARN]: Missing sound for event: minecraft:block.packed_mud.break
[19:48:59] [Render thread/WARN]: Missing sound for event: minecraft:block.packed_mud.fall
[19:48:59] [Render thread/WARN]: Missing sound for event: minecraft:block.packed_mud.hit
[19:48:59] [Render thread/WARN]: Missing sound for event: minecraft:block.packed_mud.place
[19:48:59] [Render thread/WARN]: Missing sound for event: minecraft:block.packed_mud.step
[19:48:59] [Render thread/WARN]: Missing sound for event: minecraft:block.stem.break
[19:48:59] [Render thread/WARN]: Missing sound for event: minecraft:block.stem.step
[19:48:59] [Render thread/WARN]: Missing sound for event: minecraft:block.stem.place
[19:48:59] [Render thread/WARN]: Missing sound for event: minecraft:block.stem.hit
[19:48:59] [Render thread/WARN]: Missing sound for event: minecraft:block.stem.fall
[19:48:59] [Render thread/WARN]: Missing sound for event: minecraft:block.nylium.break
[19:48:59] [Render thread/WARN]: Missing sound for event: minecraft:block.nylium.step
[19:48:59] [Render thread/WARN]: Missing sound for event: minecraft:block.nylium.place
[19:48:59] [Render thread/WARN]: Missing sound for event: minecraft:block.nylium.hit
[19:48:59] [Render thread/WARN]: Missing sound for event: minecraft:block.nylium.fall
[19:48:59] [Render thread/WARN]: Missing sound for event: minecraft:block.nether_sprouts.break
[19:48:59] [Render thread/WARN]: Missing sound for event: minecraft:block.nether_sprouts.step
[19:48:59] [Render thread/WARN]: Missing sound for event: minecraft:block.nether_sprouts.place
[19:48:59] [Render thread/WARN]: Missing sound for event: minecraft:block.nether_sprouts.hit
[19:48:59] [Render thread/WARN]: Missing sound for event: minecraft:block.nether_sprouts.fall
[19:48:59] [Render thread/WARN]: Missing sound for event: minecraft:block.fungus.break
[19:48:59] [Render thread/WARN]: Missing sound for event: minecraft:block.fungus.step
[19:48:59] [Render thread/WARN]: Missing sound for event: minecraft:block.fungus.place
[19:48:59] [Render thread/WARN]: Missing sound for event: minecraft:block.fungus.hit
[19:48:59] [Render thread/WARN]: Missing sound for event: minecraft:block.fungus.fall
[19:48:59] [Render thread/WARN]: Missing sound for event: minecraft:block.weeping_vines.break
[19:48:59] [Render thread/WARN]: Missing sound for event: minecraft:block.weeping_vines.step
[19:48:59] [Render thread/WARN]: Missing sound for event: minecraft:block.weeping_vines.place
[19:48:59] [Render thread/WARN]: Missing sound for event: minecraft:block.weeping_vines.hit
[19:48:59] [Render thread/WARN]: Missing sound for event: minecraft:block.weeping_vines.fall
[19:48:59] [Render thread/WARN]: Missing sound for event: minecraft:block.wart_block.break
[19:48:59] [Render thread/WARN]: Missing sound for event: minecraft:block.wart_block.step
[19:48:59] [Render thread/WARN]: Missing sound for event: minecraft:block.wart_block.place
[19:48:59] [Render thread/WARN]: Missing sound for event: minecraft:block.wart_block.hit
[19:48:59] [Render thread/WARN]: Missing sound for event: minecraft:block.wart_block.fall
[19:48:59] [Render thread/WARN]: Missing sound for event: minecraft:block.netherite_block.break
[19:48:59] [Render thread/WARN]: Missing sound for event: minecraft:block.netherite_block.step
[19:48:59] [Render thread/WARN]: Missing sound for event: minecraft:block.netherite_block.place
[19:48:59] [Render thread/WARN]: Missing sound for event: minecraft:block.netherite_block.hit
[19:48:59] [Render thread/WARN]: Missing sound for event: minecraft:block.netherite_block.fall
[19:48:59] [Render thread/WARN]: Missing sound for event: minecraft:block.netherrack.break
[19:48:59] [Render thread/WARN]: Missing sound for event: minecraft:block.netherrack.step
[19:48:59] [Render thread/WARN]: Missing sound for event: minecraft:block.netherrack.place
[19:48:59] [Render thread/WARN]: Missing sound for event: minecraft:block.netherrack.hit
[19:48:59] [Render thread/WARN]: Missing sound for event: minecraft:block.netherrack.fall
[19:48:59] [Render thread/WARN]: Missing sound for event: minecraft:block.note_block.basedrum
[19:48:59] [Render thread/WARN]: Missing sound for event: minecraft:block.note_block.bass
[19:48:59] [Render thread/WARN]: Missing sound for event: minecraft:block.note_block.bell
[19:48:59] [Render thread/WARN]: Missing sound for event: minecraft:block.note_block.chime
[19:48:59] [Render thread/WARN]: Missing sound for event: minecraft:block.note_block.flute
[19:48:59] [Render thread/WARN]: Missing sound for event: minecraft:block.note_block.guitar
[19:48:59] [Render thread/WARN]: Missing sound for event: minecraft:block.note_block.harp
[19:48:59] [Render thread/WARN]: Missing sound for event: minecraft:block.note_block.hat
[19:48:59] [Render thread/WARN]: Missing sound for event: minecraft:block.note_block.pling
[19:48:59] [Render thread/WARN]: Missing sound for event: minecraft:block.note_block.snare
[19:48:59] [Render thread/WARN]: Missing sound for event: minecraft:block.note_block.xylophone
[19:48:59] [Render thread/WARN]: Missing sound for event: minecraft:block.note_block.iron_xylophone
[19:48:59] [Render thread/WARN]: Missing sound for event: minecraft:block.note_block.cow_bell
[19:48:59] [Render thread/WARN]: Missing sound for event: minecraft:block.note_block.didgeridoo
[19:48:59] [Render thread/WARN]: Missing sound for event: minecraft:block.note_block.bit
[19:48:59] [Render thread/WARN]: Missing sound for event: minecraft:block.note_block.banjo
[19:48:59] [Render thread/WARN]: Missing sound for event: minecraft:block.note_block.imitate.zombie
[19:48:59] [Render thread/WARN]: Missing sound for event: minecraft:block.note_block.imitate.skeleton
[19:48:59] [Render thread/WARN]: Missing sound for event: minecraft:block.note_block.imitate.creeper
[19:48:59] [Render thread/WARN]: Missing sound for event: minecraft:block.note_block.imitate.ender_dragon
[19:48:59] [Render thread/WARN]: Missing sound for event: minecraft:block.note_block.imitate.wither_skeleton
[19:48:59] [Render thread/WARN]: Missing sound for event: minecraft:block.note_block.imitate.piglin
[19:48:59] [Render thread/WARN]: Missing sound for event: minecraft:entity.ocelot.hurt
[19:48:59] [Render thread/WARN]: Missing sound for event: minecraft:entity.ocelot.ambient
[19:48:59] [Render thread/WARN]: Missing sound for event: minecraft:entity.ocelot.death
[19:48:59] [Render thread/WARN]: Missing sound for event: minecraft:item.ominous_bottle.dispose
[19:48:59] [Render thread/WARN]: Missing sound for event: minecraft:entity.painting.break
[19:48:59] [Render thread/WARN]: Missing sound for event: minecraft:entity.painting.place
[19:48:59] [Render thread/WARN]: Missing sound for event: minecraft:block.pale_hanging_moss.idle
[19:48:59] [Render thread/WARN]: Missing sound for event: minecraft:entity.panda.pre_sneeze
[19:48:59] [Render thread/WARN]: Missing sound for event: minecraft:entity.panda.sneeze
[19:48:59] [Render thread/WARN]: Missing sound for event: minecraft:entity.panda.ambient
[19:48:59] [Render thread/WARN]: Missing sound for event: minecraft:entity.panda.death
[19:48:59] [Render thread/WARN]: Missing sound for event: minecraft:entity.panda.eat
[19:48:59] [Render thread/WARN]: Missing sound for event: minecraft:entity.panda.step
[19:48:59] [Render thread/WARN]: Missing sound for event: minecraft:entity.panda.cant_breed
[19:48:59] [Render thread/WARN]: Missing sound for event: minecraft:entity.panda.aggressive_ambient
[19:48:59] [Render thread/WARN]: Missing sound for event: minecraft:entity.panda.worried_ambient
[19:48:59] [Render thread/WARN]: Missing sound for event: minecraft:entity.panda.hurt
[19:48:59] [Render thread/WARN]: Missing sound for event: minecraft:entity.panda.bite
[19:48:59] [Render thread/WARN]: Missing sound for event: minecraft:entity.parched.ambient
[19:48:59] [Render thread/WARN]: Missing sound for event: minecraft:entity.parched.death
[19:48:59] [Render thread/WARN]: Missing sound for event: minecraft:entity.parched.hurt
[19:48:59] [Render thread/WARN]: Missing sound for event: minecraft:entity.parched.step
[19:48:59] [Render thread/WARN]: Missing sound for event: minecraft:entity.parrot.ambient
[19:48:59] [Render thread/WARN]: Missing sound for event: minecraft:entity.parrot.death
[19:48:59] [Render thread/WARN]: Missing sound for event: minecraft:entity.parrot.eat
[19:48:59] [Render thread/WARN]: Missing sound for event: minecraft:entity.parrot.fly
[19:48:59] [Render thread/WARN]: Missing sound for event: minecraft:entity.parrot.hurt
[19:48:59] [Render thread/WARN]: Missing sound for event: minecraft:entity.parrot.imitate.blaze
[19:48:59] [Render thread/WARN]: Missing sound for event: minecraft:entity.parrot.imitate.bogged
[19:48:59] [Render thread/WARN]: Missing sound for event: minecraft:entity.parrot.imitate.breeze
[19:48:59] [Render thread/WARN]: Missing sound for event: minecraft:entity.parrot.imitate.camel_husk
[19:48:59] [Render thread/WARN]: Missing sound for event: minecraft:entity.parrot.imitate.creaking
[19:48:59] [Render thread/WARN]: Missing sound for event: minecraft:entity.parrot.imitate.creeper
[19:48:59] [Render thread/WARN]: Missing sound for event: minecraft:entity.parrot.imitate.drowned
[19:48:59] [Render thread/WARN]: Missing sound for event: minecraft:entity.parrot.imitate.elder_guardian
[19:48:59] [Render thread/WARN]: Missing sound for event: minecraft:entity.parrot.imitate.ender_dragon
[19:48:59] [Render thread/WARN]: Missing sound for event: minecraft:entity.parrot.imitate.endermite
[19:48:59] [Render thread/WARN]: Missing sound for event: minecraft:entity.parrot.imitate.evoker
[19:48:59] [Render thread/WARN]: Missing sound for event: minecraft:entity.parrot.imitate.ghast
[19:48:59] [Render thread/WARN]: Missing sound for event: minecraft:entity.parrot.imitate.guardian
[19:48:59] [Render thread/WARN]: Missing sound for event: minecraft:entity.parrot.imitate.hoglin
[19:48:59] [Render thread/WARN]: Missing sound for event: minecraft:entity.parrot.imitate.husk
[19:48:59] [Render thread/WARN]: Missing sound for event: minecraft:entity.parrot.imitate.illusioner
[19:48:59] [Render thread/WARN]: Missing sound for event: minecraft:entity.parrot.imitate.magma_cube
[19:48:59] [Render thread/WARN]: Missing sound for event: minecraft:entity.parrot.imitate.phantom
[19:48:59] [Render thread/WARN]: Missing sound for event: minecraft:entity.parrot.imitate.parched
[19:48:59] [Render thread/WARN]: Missing sound for event: minecraft:entity.parrot.imitate.piglin
[19:48:59] [Render thread/WARN]: Missing sound for event: minecraft:entity.parrot.imitate.piglin_brute
[19:48:59] [Render thread/WARN]: Missing sound for event: minecraft:entity.parrot.imitate.pillager
[19:48:59] [Render thread/WARN]: Missing sound for event: minecraft:entity.parrot.imitate.ravager
[19:48:59] [Render thread/WARN]: Missing sound for event: minecraft:entity.parrot.imitate.shulker
[19:48:59] [Render thread/WARN]: Missing sound for event: minecraft:entity.parrot.imitate.silverfish
[19:48:59] [Render thread/WARN]: Missing sound for event: minecraft:entity.parrot.imitate.skeleton
[19:48:59] [Render thread/WARN]: Missing sound for event: minecraft:entity.parrot.imitate.slime
[19:48:59] [Render thread/WARN]: Missing sound for event: minecraft:entity.parrot.imitate.spider
[19:48:59] [Render thread/WARN]: Missing sound for event: minecraft:entity.parrot.imitate.stray
[19:48:59] [Render thread/WARN]: Missing sound for event: minecraft:entity.parrot.imitate.vex
[19:48:59] [Render thread/WARN]: Missing sound for event: minecraft:entity.parrot.imitate.vindicator
[19:48:59] [Render thread/WARN]: Missing sound for event: minecraft:entity.parrot.imitate.warden
[19:48:59] [Render thread/WARN]: Missing sound for event: minecraft:entity.parrot.imitate.witch
[19:48:59] [Render thread/WARN]: Missing sound for event: minecraft:entity.parrot.imitate.wither
[19:48:59] [Render thread/WARN]: Missing sound for event: minecraft:entity.parrot.imitate.wither_skeleton
[19:48:59] [Render thread/WARN]: Missing sound for event: minecraft:entity.parrot.imitate.zoglin
[19:48:59] [Render thread/WARN]: Missing sound for event: minecraft:entity.parrot.imitate.zombie
[19:48:59] [Render thread/WARN]: Missing sound for event: minecraft:entity.parrot.imitate.zombie_horse
[19:48:59] [Render thread/WARN]: Missing sound for event: minecraft:entity.parrot.imitate.zombie_nautilus
[19:48:59] [Render thread/WARN]: Missing sound for event: minecraft:entity.parrot.imitate.zombie_villager
[19:48:59] [Render thread/WARN]: Missing sound for event: minecraft:entity.parrot.step
[19:48:59] [Render thread/WARN]: Missing sound for event: minecraft:entity.phantom.ambient
[19:48:59] [Render thread/WARN]: Missing sound for event: minecraft:entity.phantom.bite
[19:48:59] [Render thread/WARN]: Missing sound for event: minecraft:entity.phantom.death
[19:48:59] [Render thread/WARN]: Missing sound for event: minecraft:entity.phantom.flap
[19:48:59] [Render thread/WARN]: Missing sound for event: minecraft:entity.phantom.hurt
[19:48:59] [Render thread/WARN]: Missing sound for event: minecraft:entity.phantom.swoop
[19:48:59] [Render thread/WARN]: Missing sound for event: minecraft:entity.pig.ambient
[19:48:59] [Render thread/WARN]: Missing sound for event: minecraft:entity.pig.death
[19:48:59] [Render thread/WARN]: Missing sound for event: minecraft:entity.pig.hurt
[19:48:59] [Render thread/WARN]: Missing sound for event: minecraft:entity.pig.saddle
[19:48:59] [Render thread/WARN]: Missing sound for event: minecraft:entity.pig.step
[19:48:59] [Render thread/WARN]: Missing sound for event: minecraft:entity.piglin.admiring_item
[19:48:59] [Render thread/WARN]: Missing sound for event: minecraft:entity.piglin.ambient
[19:48:59] [Render thread/WARN]: Missing sound for event: minecraft:entity.piglin.angry
[19:48:59] [Render thread/WARN]: Missing sound for event: minecraft:entity.piglin.celebrate
[19:48:59] [Render thread/WARN]: Missing sound for event: minecraft:entity.piglin.death
[19:48:59] [Render thread/WARN]: Missing sound for event: minecraft:entity.piglin.jealous
[19:48:59] [Render thread/WARN]: Missing sound for event: minecraft:entity.piglin.hurt
[19:48:59] [Render thread/WARN]: Missing sound for event: minecraft:entity.piglin.retreat
[19:48:59] [Render thread/WARN]: Missing sound for event: minecraft:entity.piglin.step
[19:48:59] [Render thread/WARN]: Missing sound for event: minecraft:entity.piglin.converted_to_zombified
[19:48:59] [Render thread/WARN]: Missing sound for event: minecraft:entity.piglin_brute.ambient
[19:48:59] [Render thread/WARN]: Missing sound for event: minecraft:entity.piglin_brute.angry
[19:48:59] [Render thread/WARN]: Missing sound for event: minecraft:entity.piglin_brute.death
[19:48:59] [Render thread/WARN]: Missing sound for event: minecraft:entity.piglin_brute.hurt
[19:48:59] [Render thread/WARN]: Missing sound for event: minecraft:entity.piglin_brute.step
[19:48:59] [Render thread/WARN]: Missing sound for event: minecraft:entity.piglin_brute.converted_to_zombified
[19:48:59] [Render thread/WARN]: Missing sound for event: minecraft:entity.pillager.ambient
[19:48:59] [Render thread/WARN]: Missing sound for event: minecraft:entity.pillager.celebrate
[19:48:59] [Render thread/WARN]: Missing sound for event: minecraft:entity.pillager.death
[19:48:59] [Render thread/WARN]: Missing sound for event: minecraft:entity.pillager.hurt
[19:48:59] [Render thread/WARN]: Missing sound for event: minecraft:block.piston.contract
[19:48:59] [Render thread/WARN]: Missing sound for event: minecraft:block.piston.extend
[19:48:59] [Render thread/WARN]: Missing sound for event: minecraft:entity.player.attack.crit
[19:48:59] [Render thread/WARN]: Missing sound for event: minecraft:entity.player.attack.knockback
[19:48:59] [Render thread/WARN]: Missing sound for event: minecraft:entity.player.attack.nodamage
[19:48:59] [Render thread/WARN]: Missing sound for event: minecraft:entity.player.attack.strong
[19:48:59] [Render thread/WARN]: Missing sound for event: minecraft:entity.player.attack.sweep
[19:48:59] [Render thread/WARN]: Missing sound for event: minecraft:entity.player.attack.weak
[19:48:59] [Render thread/WARN]: Missing sound for event: minecraft:entity.player.big_fall
[19:48:59] [Render thread/WARN]: Missing sound for event: minecraft:entity.player.breath
[19:48:59] [Render thread/WARN]: Missing sound for event: minecraft:entity.player.burp
[19:48:59] [Render thread/WARN]: Missing sound for event: minecraft:entity.player.death
[19:48:59] [Render thread/WARN]: Missing sound for event: minecraft:entity.player.hurt
[19:48:59] [Render thread/WARN]: Missing sound for event: minecraft:entity.player.hurt_drown
[19:48:59] [Render thread/WARN]: Missing sound for event: minecraft:entity.player.hurt_freeze
[19:48:59] [Render thread/WARN]: Missing sound for event: minecraft:entity.player.hurt_on_fire
[19:48:59] [Render thread/WARN]: Missing sound for event: minecraft:entity.player.hurt_sweet_berry_bush
[19:48:59] [Render thread/WARN]: Missing sound for event: minecraft:entity.player.levelup
[19:48:59] [Render thread/WARN]: Missing sound for event: minecraft:entity.player.small_fall
[19:48:59] [Render thread/WARN]: Missing sound for event: minecraft:entity.player.splash
[19:48:59] [Render thread/WARN]: Missing sound for event: minecraft:entity.player.splash.high_speed
[19:48:59] [Render thread/WARN]: Missing sound for event: minecraft:entity.player.swim
[19:48:59] [Render thread/WARN]: Missing sound for event: minecraft:entity.player.teleport
[19:48:59] [Render thread/WARN]: Missing sound for event: minecraft:entity.polar_bear.ambient
[19:48:59] [Render thread/WARN]: Missing sound for event: minecraft:entity.polar_bear.ambient_baby
[19:48:59] [Render thread/WARN]: Missing sound for event: minecraft:entity.polar_bear.death
[19:48:59] [Render thread/WARN]: Missing sound for event: minecraft:entity.polar_bear.hurt
[19:48:59] [Render thread/WARN]: Missing sound for event: minecraft:entity.polar_bear.step
[19:48:59] [Render thread/WARN]: Missing sound for event: minecraft:entity.polar_bear.warning
[19:48:59] [Render thread/WARN]: Missing sound for event: minecraft:block.polished_deepslate.break
[19:48:59] [Render thread/WARN]: Missing sound for event: minecraft:block.polished_deepslate.fall
[19:48:59] [Render thread/WARN]: Missing sound for event: minecraft:block.polished_deepslate.hit
[19:48:59] [Render thread/WARN]: Missing sound for event: minecraft:block.polished_deepslate.place
[19:48:59] [Render thread/WARN]: Missing sound for event: minecraft:block.polished_deepslate.step
[19:48:59] [Render thread/WARN]: Missing sound for event: minecraft:block.portal.ambient
[19:48:59] [Render thread/WARN]: Missing sound for event: minecraft:block.portal.travel
[19:48:59] [Render thread/WARN]: Missing sound for event: minecraft:block.portal.trigger
[19:48:59] [Render thread/WARN]: Missing sound for event: minecraft:block.powder_snow.break
[19:48:59] [Render thread/WARN]: Missing sound for event: minecraft:block.powder_snow.fall
[19:48:59] [Render thread/WARN]: Missing sound for event: minecraft:block.powder_snow.hit
[19:48:59] [Render thread/WARN]: Missing sound for event: minecraft:block.powder_snow.place
[19:48:59] [Render thread/WARN]: Missing sound for event: minecraft:block.powder_snow.step
[19:48:59] [Render thread/WARN]: Missing sound for event: minecraft:entity.puffer_fish.blow_out
[19:48:59] [Render thread/WARN]: Missing sound for event: minecraft:entity.puffer_fish.blow_up
[19:48:59] [Render thread/WARN]: Missing sound for event: minecraft:entity.puffer_fish.death
[19:48:59] [Render thread/WARN]: Missing sound for event: minecraft:entity.puffer_fish.flop
[19:48:59] [Render thread/WARN]: Missing sound for event: minecraft:entity.puffer_fish.hurt
[19:48:59] [Render thread/WARN]: Missing sound for event: minecraft:entity.puffer_fish.sting
[19:48:59] [Render thread/WARN]: Missing sound for event: minecraft:block.pumpkin.carve
[19:48:59] [Render thread/WARN]: Missing sound for event: minecraft:entity.rabbit.ambient
[19:48:59] [Render thread/WARN]: Missing sound for event: minecraft:entity.rabbit.attack
[19:48:59] [Render thread/WARN]: Missing sound for event: minecraft:entity.rabbit.death
[19:48:59] [Render thread/WARN]: Missing sound for event: minecraft:entity.rabbit.hurt
[19:48:59] [Render thread/WARN]: Missing sound for event: minecraft:entity.rabbit.jump
[19:48:59] [Render thread/WARN]: Missing sound for event: minecraft:event.raid.horn
[19:48:59] [Render thread/WARN]: Missing sound for event: minecraft:entity.ravager.ambient
[19:48:59] [Render thread/WARN]: Missing sound for event: minecraft:entity.ravager.attack
[19:48:59] [Render thread/WARN]: Missing sound for event: minecraft:entity.ravager.celebrate
[19:48:59] [Render thread/WARN]: Missing sound for event: minecraft:entity.ravager.death
[19:48:59] [Render thread/WARN]: Missing sound for event: minecraft:entity.ravager.hurt
[19:48:59] [Render thread/WARN]: Missing sound for event: minecraft:entity.ravager.step
[19:48:59] [Render thread/WARN]: Missing sound for event: minecraft:entity.ravager.stunned
[19:48:59] [Render thread/WARN]: Missing sound for event: minecraft:entity.ravager.roar
[19:48:59] [Render thread/WARN]: Missing sound for event: minecraft:block.nether_gold_ore.break
[19:48:59] [Render thread/WARN]: Missing sound for event: minecraft:block.nether_gold_ore.fall
[19:48:59] [Render thread/WARN]: Missing sound for event: minecraft:block.nether_gold_ore.hit
[19:48:59] [Render thread/WARN]: Missing sound for event: minecraft:block.nether_gold_ore.place
[19:48:59] [Render thread/WARN]: Missing sound for event: minecraft:block.nether_gold_ore.step
[19:48:59] [Render thread/WARN]: Missing sound for event: minecraft:block.nether_ore.break
[19:48:59] [Render thread/WARN]: Missing sound for event: minecraft:block.nether_ore.fall
[19:48:59] [Render thread/WARN]: Missing sound for event: minecraft:block.nether_ore.hit
[19:48:59] [Render thread/WARN]: Missing sound for event: minecraft:block.nether_ore.place
[19:48:59] [Render thread/WARN]: Missing sound for event: minecraft:block.nether_ore.step
[19:48:59] [Render thread/WARN]: Missing sound for event: minecraft:block.redstone_torch.burnout
[19:48:59] [Render thread/WARN]: Missing sound for event: minecraft:block.resin.break
[19:48:59] [Render thread/WARN]: Missing sound for event: minecraft:block.resin.fall
[19:48:59] [Render thread/WARN]: Missing sound for event: minecraft:block.resin.place
[19:48:59] [Render thread/WARN]: Missing sound for event: minecraft:block.resin.step
[19:48:59] [Render thread/WARN]: Missing sound for event: minecraft:block.resin_bricks.break
[19:48:59] [Render thread/WARN]: Missing sound for event: minecraft:block.resin_bricks.fall
[19:48:59] [Render thread/WARN]: Missing sound for event: minecraft:block.resin_bricks.hit
[19:48:59] [Render thread/WARN]: Missing sound for event: minecraft:block.resin_bricks.place
[19:48:59] [Render thread/WARN]: Missing sound for event: minecraft:block.resin_bricks.step
[19:48:59] [Render thread/WARN]: Missing sound for event: minecraft:block.respawn_anchor.ambient
[19:48:59] [Render thread/WARN]: Missing sound for event: minecraft:block.respawn_anchor.charge
[19:48:59] [Render thread/WARN]: Missing sound for event: minecraft:block.respawn_anchor.deplete
[19:48:59] [Render thread/WARN]: Missing sound for event: minecraft:block.respawn_anchor.set_spawn
[19:48:59] [Render thread/WARN]: Missing sound for event: minecraft:block.rooted_dirt.break
[19:48:59] [Render thread/WARN]: Missing sound for event: minecraft:block.rooted_dirt.fall
[19:48:59] [Render thread/WARN]: Missing sound for event: minecraft:block.rooted_dirt.hit
[19:48:59] [Render thread/WARN]: Missing sound for event: minecraft:block.rooted_dirt.place
[19:48:59] [Render thread/WARN]: Missing sound for event: minecraft:block.rooted_dirt.step
[19:48:59] [Render thread/WARN]: Missing sound for event: minecraft:entity.salmon.ambient
[19:48:59] [Render thread/WARN]: Missing sound for event: minecraft:entity.salmon.death
[19:48:59] [Render thread/WARN]: Missing sound for event: minecraft:entity.salmon.flop
[19:48:59] [Render thread/WARN]: Missing sound for event: minecraft:entity.salmon.hurt
[19:48:59] [Render thread/WARN]: Missing sound for event: minecraft:block.sand.break
[19:48:59] [Render thread/WARN]: Missing sound for event: minecraft:block.sand.fall
[19:48:59] [Render thread/WARN]: Missing sound for event: minecraft:block.sand.hit
[19:48:59] [Render thread/WARN]: Missing sound for event: minecraft:block.sand.place
[19:48:59] [Render thread/WARN]: Missing sound for event: minecraft:block.sand.step
[19:48:59] [Render thread/WARN]: Missing sound for event: minecraft:block.sand.idle
[19:48:59] [Render thread/WARN]: Missing sound for event: minecraft:block.scaffolding.break
[19:48:59] [Render thread/WARN]: Missing sound for event: minecraft:block.scaffolding.fall
[19:48:59] [Render thread/WARN]: Missing sound for event: minecraft:block.scaffolding.hit
[19:48:59] [Render thread/WARN]: Missing sound for event: minecraft:block.scaffolding.place
[19:48:59] [Render thread/WARN]: Missing sound for event: minecraft:block.scaffolding.step
[19:48:59] [Render thread/WARN]: Missing sound for event: minecraft:block.sculk.spread
[19:48:59] [Render thread/WARN]: Missing sound for event: minecraft:block.sculk.charge
[19:48:59] [Render thread/WARN]: Missing sound for event: minecraft:block.sculk.break
[19:48:59] [Render thread/WARN]: Missing sound for event: minecraft:block.sculk.fall
[19:48:59] [Render thread/WARN]: Missing sound for event: minecraft:block.sculk.hit
[19:48:59] [Render thread/WARN]: Missing sound for event: minecraft:block.sculk.place
[19:48:59] [Render thread/WARN]: Missing sound for event: minecraft:block.sculk.step
[19:48:59] [Render thread/WARN]: Missing sound for event: minecraft:block.sculk_catalyst.bloom
[19:48:59] [Render thread/WARN]: Missing sound for event: minecraft:block.sculk_catalyst.break
[19:48:59] [Render thread/WARN]: Missing sound for event: minecraft:block.sculk_catalyst.fall
[19:48:59] [Render thread/WARN]: Missing sound for event: minecraft:block.sculk_catalyst.hit
[19:48:59] [Render thread/WARN]: Missing sound for event: minecraft:block.sculk_catalyst.place
[19:48:59] [Render thread/WARN]: Missing sound for event: minecraft:block.sculk_catalyst.step
[19:48:59] [Render thread/WARN]: Missing sound for event: minecraft:block.sculk_sensor.clicking
[19:48:59] [Render thread/WARN]: Missing sound for event: minecraft:block.sculk_sensor.clicking_stop
[19:48:59] [Render thread/WARN]: Missing sound for event: minecraft:block.sculk_sensor.break
[19:48:59] [Render thread/WARN]: Missing sound for event: minecraft:block.sculk_sensor.fall
[19:48:59] [Render thread/WARN]: Missing sound for event: minecraft:block.sculk_sensor.hit
[19:48:59] [Render thread/WARN]: Missing sound for event: minecraft:block.sculk_sensor.place
[19:48:59] [Render thread/WARN]: Missing sound for event: minecraft:block.sculk_sensor.step
[19:48:59] [Render thread/WARN]: Missing sound for event: minecraft:block.sculk_shrieker.break
[19:48:59] [Render thread/WARN]: Missing sound for event: minecraft:block.sculk_shrieker.fall
[19:48:59] [Render thread/WARN]: Missing sound for event: minecraft:block.sculk_shrieker.hit
[19:48:59] [Render thread/WARN]: Missing sound for event: minecraft:block.sculk_shrieker.place
[19:48:59] [Render thread/WARN]: Missing sound for event: minecraft:block.sculk_shrieker.shriek
[19:48:59] [Render thread/WARN]: Missing sound for event: minecraft:block.sculk_shrieker.step
[19:48:59] [Render thread/WARN]: Missing sound for event: minecraft:block.sculk_vein.break
[19:48:59] [Render thread/WARN]: Missing sound for event: minecraft:block.sculk_vein.fall
[19:48:59] [Render thread/WARN]: Missing sound for event: minecraft:block.sculk_vein.hit
[19:48:59] [Render thread/WARN]: Missing sound for event: minecraft:block.sculk_vein.place
[19:48:59] [Render thread/WARN]: Missing sound for event: minecraft:block.sculk_vein.step
[19:48:59] [Render thread/WARN]: Missing sound for event: minecraft:entity.sheep.ambient
[19:48:59] [Render thread/WARN]: Missing sound for event: minecraft:entity.sheep.death
[19:48:59] [Render thread/WARN]: Missing sound for event: minecraft:entity.sheep.hurt
[19:48:59] [Render thread/WARN]: Missing sound for event: minecraft:entity.sheep.shear
[19:48:59] [Render thread/WARN]: Missing sound for event: minecraft:entity.sheep.step
[19:48:59] [Render thread/WARN]: Missing sound for event: minecraft:item.shears.snip
[19:48:59] [Render thread/WARN]: Missing sound for event: minecraft:block.shelf.activate
[19:48:59] [Render thread/WARN]: Missing sound for event: minecraft:block.shelf.break
[19:48:59] [Render thread/WARN]: Missing sound for event: minecraft:block.shelf.deactivate
[19:48:59] [Render thread/WARN]: Missing sound for event: minecraft:block.shelf.fall
[19:48:59] [Render thread/WARN]: Missing sound for event: minecraft:block.shelf.hit
[19:48:59] [Render thread/WARN]: Missing sound for event: minecraft:block.shelf.multi_swap
[19:48:59] [Render thread/WARN]: Missing sound for event: minecraft:block.shelf.place
[19:48:59] [Render thread/WARN]: Missing sound for event: minecraft:block.shelf.place_item
[19:48:59] [Render thread/WARN]: Missing sound for event: minecraft:block.shelf.single_swap
[19:48:59] [Render thread/WARN]: Missing sound for event: minecraft:block.shelf.step
[19:48:59] [Render thread/WARN]: Missing sound for event: minecraft:block.shelf.take_item
[19:48:59] [Render thread/WARN]: Missing sound for event: minecraft:item.shield.block
[19:48:59] [Render thread/WARN]: Missing sound for event: minecraft:item.shield.break
[19:48:59] [Render thread/WARN]: Missing sound for event: minecraft:block.shroomlight.break
[19:48:59] [Render thread/WARN]: Missing sound for event: minecraft:block.shroomlight.step
[19:48:59] [Render thread/WARN]: Missing sound for event: minecraft:block.shroomlight.place
[19:48:59] [Render thread/WARN]: Missing sound for event: minecraft:block.shroomlight.hit
[19:48:59] [Render thread/WARN]: Missing sound for event: minecraft:block.shroomlight.fall
[19:48:59] [Render thread/WARN]: Missing sound for event: minecraft:item.shovel.flatten
[19:48:59] [Render thread/WARN]: Missing sound for event: minecraft:entity.shulker.ambient
[19:48:59] [Render thread/WARN]: Missing sound for event: minecraft:block.shulker_box.close
[19:48:59] [Render thread/WARN]: Missing sound for event: minecraft:block.shulker_box.open
[19:48:59] [Render thread/WARN]: Missing sound for event: minecraft:entity.shulker_bullet.hit
[19:48:59] [Render thread/WARN]: Missing sound for event: minecraft:entity.shulker_bullet.hurt
[19:48:59] [Render thread/WARN]: Missing sound for event: minecraft:entity.shulker.close
[19:48:59] [Render thread/WARN]: Missing sound for event: minecraft:entity.shulker.death
[19:48:59] [Render thread/WARN]: Missing sound for event: minecraft:entity.shulker.hurt
[19:48:59] [Render thread/WARN]: Missing sound for event: minecraft:entity.shulker.hurt_closed
[19:48:59] [Render thread/WARN]: Missing sound for event: minecraft:entity.shulker.open
[19:48:59] [Render thread/WARN]: Missing sound for event: minecraft:entity.shulker.shoot
[19:48:59] [Render thread/WARN]: Missing sound for event: minecraft:entity.shulker.teleport
[19:48:59] [Render thread/WARN]: Missing sound for event: minecraft:entity.silverfish.ambient
[19:48:59] [Render thread/WARN]: Missing sound for event: minecraft:entity.silverfish.death
[19:48:59] [Render thread/WARN]: Missing sound for event: minecraft:entity.silverfish.hurt
[19:48:59] [Render thread/WARN]: Missing sound for event: minecraft:entity.silverfish.step
[19:48:59] [Render thread/WARN]: Missing sound for event: minecraft:entity.skeleton.ambient
[19:48:59] [Render thread/WARN]: Missing sound for event: minecraft:entity.skeleton.converted_to_stray
[19:48:59] [Render thread/WARN]: Missing sound for event: minecraft:entity.skeleton.death
[19:48:59] [Render thread/WARN]: Missing sound for event: minecraft:entity.skeleton_horse.ambient
[19:48:59] [Render thread/WARN]: Missing sound for event: minecraft:entity.skeleton_horse.death
[19:48:59] [Render thread/WARN]: Missing sound for event: minecraft:entity.skeleton_horse.hurt
[19:48:59] [Render thread/WARN]: Missing sound for event: minecraft:entity.skeleton_horse.swim
[19:48:59] [Render thread/WARN]: Missing sound for event: minecraft:entity.skeleton_horse.ambient_water
[19:48:59] [Render thread/WARN]: Missing sound for event: minecraft:entity.skeleton_horse.gallop_water
[19:48:59] [Render thread/WARN]: Missing sound for event: minecraft:entity.skeleton_horse.jump_water
[19:48:59] [Render thread/WARN]: Missing sound for event: minecraft:entity.skeleton_horse.step_water
[19:48:59] [Render thread/WARN]: Missing sound for event: minecraft:entity.skeleton.hurt
[19:48:59] [Render thread/WARN]: Missing sound for event: minecraft:entity.skeleton.shoot
[19:48:59] [Render thread/WARN]: Missing sound for event: minecraft:entity.skeleton.step
[19:48:59] [Render thread/WARN]: Missing sound for event: minecraft:entity.slime.attack
[19:48:59] [Render thread/WARN]: Missing sound for event: minecraft:entity.slime.death
[19:48:59] [Render thread/WARN]: Missing sound for event: minecraft:entity.slime.hurt
[19:48:59] [Render thread/WARN]: Missing sound for event: minecraft:entity.slime.jump
[19:48:59] [Render thread/WARN]: Missing sound for event: minecraft:entity.slime.squish
[19:48:59] [Render thread/WARN]: Missing sound for event: minecraft:block.slime_block.break
[19:48:59] [Render thread/WARN]: Missing sound for event: minecraft:block.slime_block.fall
[19:48:59] [Render thread/WARN]: Missing sound for event: minecraft:block.slime_block.hit
[19:48:59] [Render thread/WARN]: Missing sound for event: minecraft:block.slime_block.place
[19:48:59] [Render thread/WARN]: Missing sound for event: minecraft:block.slime_block.step
[19:48:59] [Render thread/WARN]: Missing sound for event: minecraft:block.small_amethyst_bud.break
[19:48:59] [Render thread/WARN]: Missing sound for event: minecraft:block.small_amethyst_bud.place
[19:48:59] [Render thread/WARN]: Missing sound for event: minecraft:block.small_dripleaf.break
[19:48:59] [Render thread/WARN]: Missing sound for event: minecraft:block.small_dripleaf.fall
[19:48:59] [Render thread/WARN]: Missing sound for event: minecraft:block.small_dripleaf.hit
[19:48:59] [Render thread/WARN]: Missing sound for event: minecraft:block.small_dripleaf.place
[19:48:59] [Render thread/WARN]: Missing sound for event: minecraft:block.small_dripleaf.step
[19:48:59] [Render thread/WARN]: Missing sound for event: minecraft:block.soul_sand.break
[19:48:59] [Render thread/WARN]: Missing sound for event: minecraft:block.soul_sand.step
[19:48:59] [Render thread/WARN]: Missing sound for event: minecraft:block.soul_sand.place
[19:48:59] [Render thread/WARN]: Missing sound for event: minecraft:block.soul_sand.hit
[19:48:59] [Render thread/WARN]: Missing sound for event: minecraft:block.soul_sand.fall
[19:48:59] [Render thread/WARN]: Missing sound for event: minecraft:block.soul_soil.break
[19:48:59] [Render thread/WARN]: Missing sound for event: minecraft:block.soul_soil.step
[19:48:59] [Render thread/WARN]: Missing sound for event: minecraft:block.soul_soil.place
[19:48:59] [Render thread/WARN]: Missing sound for event: minecraft:block.soul_soil.hit
[19:48:59] [Render thread/WARN]: Missing sound for event: minecraft:block.soul_soil.fall
[19:48:59] [Render thread/WARN]: Missing sound for event: minecraft:particle.soul_escape
[19:48:59] [Render thread/WARN]: Missing sound for event: minecraft:block.spawner.break
[19:48:59] [Render thread/WARN]: Missing sound for event: minecraft:block.spawner.fall
[19:48:59] [Render thread/WARN]: Missing sound for event: minecraft:block.spawner.hit
[19:48:59] [Render thread/WARN]: Missing sound for event: minecraft:block.spawner.place
[19:48:59] [Render thread/WARN]: Missing sound for event: minecraft:block.spawner.step
[19:48:59] [Render thread/WARN]: Missing sound for event: minecraft:item.spear.use
[19:48:59] [Render thread/WARN]: Missing sound for event: minecraft:item.spear.hit
[19:48:59] [Render thread/WARN]: Missing sound for event: minecraft:item.spear.attack
[19:48:59] [Render thread/WARN]: Missing sound for event: minecraft:item.spear_wood.use
[19:48:59] [Render thread/WARN]: Missing sound for event: minecraft:item.spear_wood.hit
[19:48:59] [Render thread/WARN]: Missing sound for event: minecraft:item.spear_wood.attack
[19:48:59] [Render thread/WARN]: Missing sound for event: minecraft:block.spore_blossom.break
[19:48:59] [Render thread/WARN]: Missing sound for event: minecraft:block.spore_blossom.fall
[19:48:59] [Render thread/WARN]: Missing sound for event: minecraft:block.spore_blossom.hit
[19:48:59] [Render thread/WARN]: Missing sound for event: minecraft:block.spore_blossom.place
[19:48:59] [Render thread/WARN]: Missing sound for event: minecraft:block.spore_blossom.step
[19:48:59] [Render thread/WARN]: Missing sound for event: minecraft:entity.strider.ambient
[19:48:59] [Render thread/WARN]: Missing sound for event: minecraft:entity.strider.happy
[19:48:59] [Render thread/WARN]: Missing sound for event: minecraft:entity.strider.retreat
[19:48:59] [Render thread/WARN]: Missing sound for event: minecraft:entity.strider.death
[19:48:59] [Render thread/WARN]: Missing sound for event: minecraft:entity.strider.hurt
[19:48:59] [Render thread/WARN]: Missing sound for event: minecraft:entity.strider.step
[19:48:59] [Render thread/WARN]: Missing sound for event: minecraft:entity.strider.step_lava
[19:48:59] [Render thread/WARN]: Missing sound for event: minecraft:entity.strider.eat
[19:48:59] [Render thread/WARN]: Missing sound for event: minecraft:entity.strider.saddle
[19:48:59] [Render thread/WARN]: Missing sound for event: minecraft:entity.slime.death_small
[19:48:59] [Render thread/WARN]: Missing sound for event: minecraft:entity.slime.hurt_small
[19:48:59] [Render thread/WARN]: Missing sound for event: minecraft:entity.slime.jump_small
[19:48:59] [Render thread/WARN]: Missing sound for event: minecraft:entity.slime.squish_small
[19:48:59] [Render thread/WARN]: Missing sound for event: minecraft:block.smithing_table.use
[19:48:59] [Render thread/WARN]: Missing sound for event: minecraft:block.smoker.smoke
[19:48:59] [Render thread/WARN]: Missing sound for event: minecraft:entity.sniffer.step
[19:48:59] [Render thread/WARN]: Missing sound for event: minecraft:entity.sniffer.eat
[19:48:59] [Render thread/WARN]: Missing sound for event: minecraft:entity.sniffer.idle
[19:48:59] [Render thread/WARN]: Missing sound for event: minecraft:entity.sniffer.hurt
[19:48:59] [Render thread/WARN]: Missing sound for event: minecraft:entity.sniffer.death
[19:48:59] [Render thread/WARN]: Missing sound for event: minecraft:entity.sniffer.drop_seed
[19:48:59] [Render thread/WARN]: Missing sound for event: minecraft:entity.sniffer.scenting
[19:48:59] [Render thread/WARN]: Missing sound for event: minecraft:entity.sniffer.sniffing
[19:48:59] [Render thread/WARN]: Missing sound for event: minecraft:entity.sniffer.searching
[19:48:59] [Render thread/WARN]: Missing sound for event: minecraft:entity.sniffer.digging
[19:48:59] [Render thread/WARN]: Missing sound for event: minecraft:entity.sniffer.digging_stop
[19:48:59] [Render thread/WARN]: Missing sound for event: minecraft:entity.sniffer.happy
[19:48:59] [Render thread/WARN]: Missing sound for event: minecraft:block.sniffer_egg.plop
[19:48:59] [Render thread/WARN]: Missing sound for event: minecraft:block.sniffer_egg.crack
[19:48:59] [Render thread/WARN]: Missing sound for event: minecraft:block.sniffer_egg.hatch
[19:48:59] [Render thread/WARN]: Missing sound for event: minecraft:entity.snowball.throw
[19:48:59] [Render thread/WARN]: Missing sound for event: minecraft:block.snow.break
[19:48:59] [Render thread/WARN]: Missing sound for event: minecraft:block.snow.fall
[19:48:59] [Render thread/WARN]: Missing sound for event: minecraft:entity.snow_golem.ambient
[19:48:59] [Render thread/WARN]: Missing sound for event: minecraft:entity.snow_golem.death
[19:48:59] [Render thread/WARN]: Missing sound for event: minecraft:entity.snow_golem.hurt
[19:48:59] [Render thread/WARN]: Missing sound for event: minecraft:entity.snow_golem.shoot
[19:48:59] [Render thread/WARN]: Missing sound for event: minecraft:entity.snow_golem.shear
[19:48:59] [Render thread/WARN]: Missing sound for event: minecraft:block.snow.hit
[19:48:59] [Render thread/WARN]: Missing sound for event: minecraft:block.snow.place
[19:48:59] [Render thread/WARN]: Missing sound for event: minecraft:block.snow.step
[19:48:59] [Render thread/WARN]: Missing sound for event: minecraft:entity.spider.ambient
[19:48:59] [Render thread/WARN]: Missing sound for event: minecraft:entity.spider.death
[19:48:59] [Render thread/WARN]: Missing sound for event: minecraft:entity.spider.hurt
[19:48:59] [Render thread/WARN]: Missing sound for event: minecraft:entity.spider.step
[19:48:59] [Render thread/WARN]: Missing sound for event: minecraft:entity.splash_potion.break
[19:48:59] [Render thread/WARN]: Missing sound for event: minecraft:entity.splash_potion.throw
[19:48:59] [Render thread/WARN]: Missing sound for event: minecraft:block.sponge.break
[19:48:59] [Render thread/WARN]: Missing sound for event: minecraft:block.sponge.fall
[19:48:59] [Render thread/WARN]: Missing sound for event: minecraft:block.sponge.hit
[19:48:59] [Render thread/WARN]: Missing sound for event: minecraft:block.sponge.place
[19:48:59] [Render thread/WARN]: Missing sound for event: minecraft:block.sponge.step
[19:48:59] [Render thread/WARN]: Missing sound for event: minecraft:block.sponge.absorb
[19:48:59] [Render thread/WARN]: Missing sound for event: minecraft:item.spyglass.use
[19:48:59] [Render thread/WARN]: Missing sound for event: minecraft:item.spyglass.stop_using
[19:48:59] [Render thread/WARN]: Missing sound for event: minecraft:entity.squid.ambient
[19:48:59] [Render thread/WARN]: Missing sound for event: minecraft:entity.squid.death
[19:48:59] [Render thread/WARN]: Missing sound for event: minecraft:entity.squid.hurt
[19:48:59] [Render thread/WARN]: Missing sound for event: minecraft:entity.squid.squirt
[19:48:59] [Render thread/WARN]: Missing sound for event: minecraft:block.stone.break
[19:48:59] [Render thread/WARN]: Missing sound for event: minecraft:block.stone_button.click_off
[19:48:59] [Render thread/WARN]: Missing sound for event: minecraft:block.stone_button.click_on
[19:48:59] [Render thread/WARN]: Missing sound for event: minecraft:block.stone.fall
[19:48:59] [Render thread/WARN]: Missing sound for event: minecraft:block.stone.hit
[19:48:59] [Render thread/WARN]: Missing sound for event: minecraft:block.stone.place
[19:48:59] [Render thread/WARN]: Missing sound for event: minecraft:block.stone_pressure_plate.click_off
[19:48:59] [Render thread/WARN]: Missing sound for event: minecraft:block.stone_pressure_plate.click_on
[19:48:59] [Render thread/WARN]: Missing sound for event: minecraft:block.stone.step
[19:48:59] [Render thread/WARN]: Missing sound for event: minecraft:entity.stray.ambient
[19:48:59] [Render thread/WARN]: Missing sound for event: minecraft:entity.stray.death
[19:48:59] [Render thread/WARN]: Missing sound for event: minecraft:entity.stray.hurt
[19:48:59] [Render thread/WARN]: Missing sound for event: minecraft:entity.stray.step
[19:48:59] [Render thread/WARN]: Missing sound for event: minecraft:block.sweet_berry_bush.break
[19:48:59] [Render thread/WARN]: Missing sound for event: minecraft:block.sweet_berry_bush.place
[19:48:59] [Render thread/WARN]: Missing sound for event: minecraft:block.sweet_berry_bush.pick_berries
[19:48:59] [Render thread/WARN]: Missing sound for event: minecraft:entity.tadpole.death
[19:48:59] [Render thread/WARN]: Missing sound for event: minecraft:entity.tadpole.flop
[19:48:59] [Render thread/WARN]: Missing sound for event: minecraft:entity.tadpole.grow_up
[19:48:59] [Render thread/WARN]: Missing sound for event: minecraft:entity.tadpole.hurt
[19:48:59] [Render thread/WARN]: Missing sound for event: minecraft:enchant.thorns.hit
[19:48:59] [Render thread/WARN]: Missing sound for event: minecraft:entity.tnt.primed
[19:48:59] [Render thread/WARN]: Missing sound for event: minecraft:item.totem.use
[19:48:59] [Render thread/WARN]: Missing sound for event: minecraft:item.trident.hit
[19:48:59] [Render thread/WARN]: Missing sound for event: minecraft:item.trident.hit_ground
[19:48:59] [Render thread/WARN]: Missing sound for event: minecraft:item.trident.return
[19:48:59] [Render thread/WARN]: Missing sound for event: minecraft:item.trident.riptide_1
[19:48:59] [Render thread/WARN]: Missing sound for event: minecraft:item.trident.riptide_2
[19:48:59] [Render thread/WARN]: Missing sound for event: minecraft:item.trident.riptide_3
[19:48:59] [Render thread/WARN]: Missing sound for event: minecraft:item.trident.throw
[19:48:59] [Render thread/WARN]: Missing sound for event: minecraft:item.trident.thunder
[19:48:59] [Render thread/WARN]: Missing sound for event: minecraft:block.tripwire.attach
[19:48:59] [Render thread/WARN]: Missing sound for event: minecraft:block.tripwire.click_off
[19:48:59] [Render thread/WARN]: Missing sound for event: minecraft:block.tripwire.click_on
[19:48:59] [Render thread/WARN]: Missing sound for event: minecraft:block.tripwire.detach
[19:48:59] [Render thread/WARN]: Missing sound for event: minecraft:entity.tropical_fish.ambient
[19:48:59] [Render thread/WARN]: Missing sound for event: minecraft:entity.tropical_fish.death
[19:48:59] [Render thread/WARN]: Missing sound for event: minecraft:entity.tropical_fish.flop
[19:48:59] [Render thread/WARN]: Missing sound for event: minecraft:entity.tropical_fish.hurt
[19:48:59] [Render thread/WARN]: Missing sound for event: minecraft:block.tuff.break
[19:48:59] [Render thread/WARN]: Missing sound for event: minecraft:block.tuff.step
[19:48:59] [Render thread/WARN]: Missing sound for event: minecraft:block.tuff.place
[19:48:59] [Render thread/WARN]: Missing sound for event: minecraft:block.tuff.hit
[19:48:59] [Render thread/WARN]: Missing sound for event: minecraft:block.tuff.fall
[19:48:59] [Render thread/WARN]: Missing sound for event: minecraft:block.tuff_bricks.break
[19:48:59] [Render thread/WARN]: Missing sound for event: minecraft:block.tuff_bricks.fall
[19:48:59] [Render thread/WARN]: Missing sound for event: minecraft:block.tuff_bricks.hit
[19:48:59] [Render thread/WARN]: Missing sound for event: minecraft:block.tuff_bricks.place
[19:48:59] [Render thread/WARN]: Missing sound for event: minecraft:block.tuff_bricks.step
[19:48:59] [Render thread/WARN]: Missing sound for event: minecraft:block.polished_tuff.break
[19:48:59] [Render thread/WARN]: Missing sound for event: minecraft:block.polished_tuff.fall
[19:48:59] [Render thread/WARN]: Missing sound for event: minecraft:block.polished_tuff.hit
[19:48:59] [Render thread/WARN]: Missing sound for event: minecraft:block.polished_tuff.place
[19:48:59] [Render thread/WARN]: Missing sound for event: minecraft:block.polished_tuff.step
[19:48:59] [Render thread/WARN]: Missing sound for event: minecraft:entity.turtle.ambient_land
[19:48:59] [Render thread/WARN]: Missing sound for event: minecraft:entity.turtle.death
[19:48:59] [Render thread/WARN]: Missing sound for event: minecraft:entity.turtle.death_baby
[19:48:59] [Render thread/WARN]: Missing sound for event: minecraft:entity.turtle.egg_break
[19:48:59] [Render thread/WARN]: Missing sound for event: minecraft:entity.turtle.egg_crack
[19:48:59] [Render thread/WARN]: Missing sound for event: minecraft:entity.turtle.egg_hatch
[19:48:59] [Render thread/WARN]: Missing sound for event: minecraft:entity.turtle.hurt
[19:48:59] [Render thread/WARN]: Missing sound for event: minecraft:entity.turtle.hurt_baby
[19:48:59] [Render thread/WARN]: Missing sound for event: minecraft:entity.turtle.lay_egg
[19:48:59] [Render thread/WARN]: Missing sound for event: minecraft:entity.turtle.shamble
[19:48:59] [Render thread/WARN]: Missing sound for event: minecraft:entity.turtle.shamble_baby
[19:48:59] [Render thread/WARN]: Missing sound for event: minecraft:entity.turtle.swim
[19:48:59] [Render thread/WARN]: Missing sound for event: minecraft:ui.button.click
[19:48:59] [Render thread/WARN]: Missing sound for event: minecraft:ui.loom.select_pattern
[19:48:59] [Render thread/WARN]: Missing sound for event: minecraft:ui.loom.take_result
[19:48:59] [Render thread/WARN]: Missing sound for event: minecraft:ui.cartography_table.take_result
[19:48:59] [Render thread/WARN]: Missing sound for event: minecraft:ui.stonecutter.take_result
[19:48:59] [Render thread/WARN]: Missing sound for event: minecraft:ui.stonecutter.select_recipe
[19:48:59] [Render thread/WARN]: Missing sound for event: minecraft:ui.toast.challenge_complete
[19:48:59] [Render thread/WARN]: Missing sound for event: minecraft:ui.toast.in
[19:48:59] [Render thread/WARN]: Missing sound for event: minecraft:ui.toast.out
[19:48:59] [Render thread/WARN]: Missing sound for event: minecraft:block.vault.activate
[19:48:59] [Render thread/WARN]: Missing sound for event: minecraft:block.vault.ambient
[19:48:59] [Render thread/WARN]: Missing sound for event: minecraft:block.vault.break
[19:48:59] [Render thread/WARN]: Missing sound for event: minecraft:block.vault.close_shutter
[19:48:59] [Render thread/WARN]: Missing sound for event: minecraft:block.vault.deactivate
[19:48:59] [Render thread/WARN]: Missing sound for event: minecraft:block.vault.eject_item
[19:48:59] [Render thread/WARN]: Missing sound for event: minecraft:block.vault.reject_rewarded_player
[19:48:59] [Render thread/WARN]: Missing sound for event: minecraft:block.vault.fall
[19:48:59] [Render thread/WARN]: Missing sound for event: minecraft:block.vault.hit
[19:48:59] [Render thread/WARN]: Missing sound for event: minecraft:block.vault.insert_item
[19:48:59] [Render thread/WARN]: Missing sound for event: minecraft:block.vault.insert_item_fail
[19:48:59] [Render thread/WARN]: Missing sound for event: minecraft:block.vault.open_shutter
[19:48:59] [Render thread/WARN]: Missing sound for event: minecraft:block.vault.place
[19:48:59] [Render thread/WARN]: Missing sound for event: minecraft:block.vault.step
[19:48:59] [Render thread/WARN]: Missing sound for event: minecraft:entity.vex.ambient
[19:48:59] [Render thread/WARN]: Missing sound for event: minecraft:entity.vex.charge
[19:48:59] [Render thread/WARN]: Missing sound for event: minecraft:entity.vex.death
[19:48:59] [Render thread/WARN]: Missing sound for event: minecraft:entity.vex.hurt
[19:48:59] [Render thread/WARN]: Missing sound for event: minecraft:entity.villager.ambient
[19:48:59] [Render thread/WARN]: Missing sound for event: minecraft:entity.villager.celebrate
[19:48:59] [Render thread/WARN]: Missing sound for event: minecraft:entity.villager.death
[19:48:59] [Render thread/WARN]: Missing sound for event: minecraft:entity.villager.hurt
[19:48:59] [Render thread/WARN]: Missing sound for event: minecraft:entity.villager.no
[19:48:59] [Render thread/WARN]: Missing sound for event: minecraft:entity.villager.trade
[19:48:59] [Render thread/WARN]: Missing sound for event: minecraft:entity.villager.yes
[19:48:59] [Render thread/WARN]: Missing sound for event: minecraft:entity.villager.work_armorer
[19:48:59] [Render thread/WARN]: Missing sound for event: minecraft:entity.villager.work_butcher
[19:48:59] [Render thread/WARN]: Missing sound for event: minecraft:entity.villager.work_cartographer
[19:48:59] [Render thread/WARN]: Missing sound for event: minecraft:entity.villager.work_cleric
[19:48:59] [Render thread/WARN]: Missing sound for event: minecraft:entity.villager.work_farmer
[19:48:59] [Render thread/WARN]: Missing sound for event: minecraft:entity.villager.work_fisherman
[19:48:59] [Render thread/WARN]: Missing sound for event: minecraft:entity.villager.work_fletcher
[19:48:59] [Render thread/WARN]: Missing sound for event: minecraft:entity.villager.work_leatherworker
[19:48:59] [Render thread/WARN]: Missing sound for event: minecraft:entity.villager.work_librarian
[19:48:59] [Render thread/WARN]: Missing sound for event: minecraft:entity.villager.work_mason
[19:48:59] [Render thread/WARN]: Missing sound for event: minecraft:entity.villager.work_shepherd
[19:48:59] [Render thread/WARN]: Missing sound for event: minecraft:entity.villager.work_toolsmith
[19:48:59] [Render thread/WARN]: Missing sound for event: minecraft:entity.villager.work_weaponsmith
[19:48:59] [Render thread/WARN]: Missing sound for event: minecraft:entity.vindicator.ambient
[19:48:59] [Render thread/WARN]: Missing sound for event: minecraft:entity.vindicator.celebrate
[19:48:59] [Render thread/WARN]: Missing sound for event: minecraft:entity.vindicator.death
[19:48:59] [Render thread/WARN]: Missing sound for event: minecraft:entity.vindicator.hurt
[19:48:59] [Render thread/WARN]: Missing sound for event: minecraft:block.vine.break
[19:48:59] [Render thread/WARN]: Missing sound for event: minecraft:block.vine.fall
[19:48:59] [Render thread/WARN]: Missing sound for event: minecraft:block.vine.hit
[19:48:59] [Render thread/WARN]: Missing sound for event: minecraft:block.vine.place
[19:48:59] [Render thread/WARN]: Missing sound for event: minecraft:block.vine.step
[19:48:59] [Render thread/WARN]: Missing sound for event: minecraft:block.lily_pad.place
[19:48:59] [Render thread/WARN]: Missing sound for event: minecraft:entity.wandering_trader.ambient
[19:48:59] [Render thread/WARN]: Missing sound for event: minecraft:entity.wandering_trader.death
[19:48:59] [Render thread/WARN]: Missing sound for event: minecraft:entity.wandering_trader.disappeared
[19:48:59] [Render thread/WARN]: Missing sound for event: minecraft:entity.wandering_trader.drink_milk
[19:48:59] [Render thread/WARN]: Missing sound for event: minecraft:entity.wandering_trader.drink_potion
[19:48:59] [Render thread/WARN]: Missing sound for event: minecraft:entity.wandering_trader.hurt
[19:48:59] [Render thread/WARN]: Missing sound for event: minecraft:entity.wandering_trader.no
[19:48:59] [Render thread/WARN]: Missing sound for event: minecraft:entity.wandering_trader.reappeared
[19:48:59] [Render thread/WARN]: Missing sound for event: minecraft:entity.wandering_trader.trade
[19:48:59] [Render thread/WARN]: Missing sound for event: minecraft:entity.wandering_trader.yes
[19:48:59] [Render thread/WARN]: Missing sound for event: minecraft:entity.warden.agitated
[19:48:59] [Render thread/WARN]: Missing sound for event: minecraft:entity.warden.ambient
[19:48:59] [Render thread/WARN]: Missing sound for event: minecraft:entity.warden.angry
[19:48:59] [Render thread/WARN]: Missing sound for event: minecraft:entity.warden.attack_impact
[19:48:59] [Render thread/WARN]: Missing sound for event: minecraft:entity.warden.death
[19:48:59] [Render thread/WARN]: Missing sound for event: minecraft:entity.warden.dig
[19:48:59] [Render thread/WARN]: Missing sound for event: minecraft:entity.warden.emerge
[19:48:59] [Render thread/WARN]: Missing sound for event: minecraft:entity.warden.heartbeat
[19:48:59] [Render thread/WARN]: Missing sound for event: minecraft:entity.warden.hurt
[19:48:59] [Render thread/WARN]: Missing sound for event: minecraft:entity.warden.listening
[19:48:59] [Render thread/WARN]: Missing sound for event: minecraft:entity.warden.listening_angry
[19:48:59] [Render thread/WARN]: Missing sound for event: minecraft:entity.warden.nearby_close
[19:48:59] [Render thread/WARN]: Missing sound for event: minecraft:entity.warden.nearby_closer
[19:48:59] [Render thread/WARN]: Missing sound for event: minecraft:entity.warden.nearby_closest
[19:48:59] [Render thread/WARN]: Missing sound for event: minecraft:entity.warden.roar
[19:48:59] [Render thread/WARN]: Missing sound for event: minecraft:entity.warden.sniff
[19:48:59] [Render thread/WARN]: Missing sound for event: minecraft:entity.warden.sonic_boom
[19:48:59] [Render thread/WARN]: Missing sound for event: minecraft:entity.warden.sonic_charge
[19:48:59] [Render thread/WARN]: Missing sound for event: minecraft:entity.warden.step
[19:48:59] [Render thread/WARN]: Missing sound for event: minecraft:entity.warden.tendril_clicks
[19:48:59] [Render thread/WARN]: Missing sound for event: minecraft:block.hanging_sign.waxed_interact_fail
[19:48:59] [Render thread/WARN]: Missing sound for event: minecraft:block.sign.waxed_interact_fail
[19:48:59] [Render thread/WARN]: Missing sound for event: minecraft:block.water.ambient
[19:48:59] [Render thread/WARN]: Missing sound for event: minecraft:weather.end_flash
[19:48:59] [Render thread/WARN]: Missing sound for event: minecraft:weather.rain
[19:48:59] [Render thread/WARN]: Missing sound for event: minecraft:weather.rain.above
[19:48:59] [Render thread/WARN]: Missing sound for event: minecraft:block.wet_grass.break
[19:48:59] [Render thread/WARN]: Missing sound for event: minecraft:block.wet_grass.fall
[19:48:59] [Render thread/WARN]: Missing sound for event: minecraft:block.wet_grass.hit
[19:48:59] [Render thread/WARN]: Missing sound for event: minecraft:block.wet_grass.place
[19:48:59] [Render thread/WARN]: Missing sound for event: minecraft:block.wet_grass.step
[19:48:59] [Render thread/WARN]: Missing sound for event: minecraft:block.wet_sponge.break
[19:48:59] [Render thread/WARN]: Missing sound for event: minecraft:block.wet_sponge.dries
[19:48:59] [Render thread/WARN]: Missing sound for event: minecraft:block.wet_sponge.fall
[19:48:59] [Render thread/WARN]: Missing sound for event: minecraft:block.wet_sponge.hit
[19:48:59] [Render thread/WARN]: Missing sound for event: minecraft:block.wet_sponge.place
[19:48:59] [Render thread/WARN]: Missing sound for event: minecraft:block.wet_sponge.step
[19:48:59] [Render thread/WARN]: Missing sound for event: minecraft:entity.wind_charge.wind_burst
[19:48:59] [Render thread/WARN]: Missing sound for event: minecraft:entity.wind_charge.throw
[19:48:59] [Render thread/WARN]: Missing sound for event: minecraft:entity.witch.ambient
[19:48:59] [Render thread/WARN]: Missing sound for event: minecraft:entity.witch.celebrate
[19:48:59] [Render thread/WARN]: Missing sound for event: minecraft:entity.witch.death
[19:48:59] [Render thread/WARN]: Missing sound for event: minecraft:entity.witch.drink
[19:48:59] [Render thread/WARN]: Missing sound for event: minecraft:entity.witch.hurt
[19:48:59] [Render thread/WARN]: Missing sound for event: minecraft:entity.witch.throw
[19:48:59] [Render thread/WARN]: Missing sound for event: minecraft:entity.wither.ambient
[19:48:59] [Render thread/WARN]: Missing sound for event: minecraft:entity.wither.break_block
[19:48:59] [Render thread/WARN]: Missing sound for event: minecraft:entity.wither.death
[19:48:59] [Render thread/WARN]: Missing sound for event: minecraft:entity.wither.hurt
[19:48:59] [Render thread/WARN]: Missing sound for event: minecraft:entity.wither.shoot
[19:48:59] [Render thread/WARN]: Missing sound for event: minecraft:entity.wither_skeleton.ambient
[19:48:59] [Render thread/WARN]: Missing sound for event: minecraft:entity.wither_skeleton.death
[19:48:59] [Render thread/WARN]: Missing sound for event: minecraft:entity.wither_skeleton.hurt
[19:48:59] [Render thread/WARN]: Missing sound for event: minecraft:entity.wither_skeleton.step
[19:48:59] [Render thread/WARN]: Missing sound for event: minecraft:entity.wither.spawn
[19:48:59] [Render thread/WARN]: Missing sound for event: minecraft:item.wolf_armor.break
[19:48:59] [Render thread/WARN]: Missing sound for event: minecraft:item.wolf_armor.crack
[19:48:59] [Render thread/WARN]: Missing sound for event: minecraft:item.wolf_armor.damage
[19:48:59] [Render thread/WARN]: Missing sound for event: minecraft:item.wolf_armor.repair
[19:48:59] [Render thread/WARN]: Missing sound for event: minecraft:entity.wolf.shake
[19:48:59] [Render thread/WARN]: Missing sound for event: minecraft:entity.wolf.step
[19:48:59] [Render thread/WARN]: Missing sound for event: minecraft:entity.wolf.ambient
[19:48:59] [Render thread/WARN]: Missing sound for event: minecraft:entity.wolf.death
[19:48:59] [Render thread/WARN]: Missing sound for event: minecraft:entity.wolf.growl
[19:48:59] [Render thread/WARN]: Missing sound for event: minecraft:entity.wolf.hurt
[19:48:59] [Render thread/WARN]: Missing sound for event: minecraft:entity.wolf.pant
[19:48:59] [Render thread/WARN]: Missing sound for event: minecraft:entity.wolf.whine
[19:48:59] [Render thread/WARN]: Missing sound for event: minecraft:entity.wolf_puglin.ambient
[19:48:59] [Render thread/WARN]: Missing sound for event: minecraft:entity.wolf_puglin.death
[19:48:59] [Render thread/WARN]: Missing sound for event: minecraft:entity.wolf_puglin.growl
[19:48:59] [Render thread/WARN]: Missing sound for event: minecraft:entity.wolf_puglin.hurt
[19:48:59] [Render thread/WARN]: Missing sound for event: minecraft:entity.wolf_puglin.pant
[19:48:59] [Render thread/WARN]: Missing sound for event: minecraft:entity.wolf_puglin.whine
[19:48:59] [Render thread/WARN]: Missing sound for event: minecraft:entity.wolf_sad.ambient
[19:48:59] [Render thread/WARN]: Missing sound for event: minecraft:entity.wolf_sad.death
[19:48:59] [Render thread/WARN]: Missing sound for event: minecraft:entity.wolf_sad.growl
[19:48:59] [Render thread/WARN]: Missing sound for event: minecraft:entity.wolf_sad.hurt
[19:48:59] [Render thread/WARN]: Missing sound for event: minecraft:entity.wolf_sad.pant
[19:48:59] [Render thread/WARN]: Missing sound for event: minecraft:entity.wolf_sad.whine
[19:48:59] [Render thread/WARN]: Missing sound for event: minecraft:entity.wolf_angry.ambient
[19:48:59] [Render thread/WARN]: Missing sound for event: minecraft:entity.wolf_angry.death
[19:48:59] [Render thread/WARN]: Missing sound for event: minecraft:entity.wolf_angry.growl
[19:48:59] [Render thread/WARN]: Missing sound for event: minecraft:entity.wolf_angry.hurt
[19:48:59] [Render thread/WARN]: Missing sound for event: minecraft:entity.wolf_angry.pant
[19:48:59] [Render thread/WARN]: Missing sound for event: minecraft:entity.wolf_angry.whine
[19:48:59] [Render thread/WARN]: Missing sound for event: minecraft:entity.wolf_grumpy.ambient
[19:48:59] [Render thread/WARN]: Missing sound for event: minecraft:entity.wolf_grumpy.death
[19:48:59] [Render thread/WARN]: Missing sound for event: minecraft:entity.wolf_grumpy.growl
[19:48:59] [Render thread/WARN]: Missing sound for event: minecraft:entity.wolf_grumpy.hurt
[19:48:59] [Render thread/WARN]: Missing sound for event: minecraft:entity.wolf_grumpy.pant
[19:48:59] [Render thread/WARN]: Missing sound for event: minecraft:entity.wolf_grumpy.whine
[19:48:59] [Render thread/WARN]: Missing sound for event: minecraft:entity.wolf_big.ambient
[19:48:59] [Render thread/WARN]: Missing sound for event: minecraft:entity.wolf_big.death
[19:48:59] [Render thread/WARN]: Missing sound for event: minecraft:entity.wolf_big.growl
[19:48:59] [Render thread/WARN]: Missing sound for event: minecraft:entity.wolf_big.hurt
[19:48:59] [Render thread/WARN]: Missing sound for event: minecraft:entity.wolf_big.pant
[19:48:59] [Render thread/WARN]: Missing sound for event: minecraft:entity.wolf_big.whine
[19:48:59] [Render thread/WARN]: Missing sound for event: minecraft:entity.wolf_cute.ambient
[19:48:59] [Render thread/WARN]: Missing sound for event: minecraft:entity.wolf_cute.death
[19:48:59] [Render thread/WARN]: Missing sound for event: minecraft:entity.wolf_cute.growl
[19:48:59] [Render thread/WARN]: Missing sound for event: minecraft:entity.wolf_cute.hurt
[19:48:59] [Render thread/WARN]: Missing sound for event: minecraft:entity.wolf_cute.pant
[19:48:59] [Render thread/WARN]: Missing sound for event: minecraft:entity.wolf_cute.whine
[19:48:59] [Render thread/WARN]: Missing sound for event: minecraft:block.wooden_door.close
[19:48:59] [Render thread/WARN]: Missing sound for event: minecraft:block.wooden_door.open
[19:48:59] [Render thread/WARN]: Missing sound for event: minecraft:block.wooden_trapdoor.close
[19:48:59] [Render thread/WARN]: Missing sound for event: minecraft:block.wooden_trapdoor.open
[19:48:59] [Render thread/WARN]: Missing sound for event: minecraft:block.wooden_button.click_off
[19:48:59] [Render thread/WARN]: Missing sound for event: minecraft:block.wooden_button.click_on
[19:48:59] [Render thread/WARN]: Missing sound for event: minecraft:block.wooden_pressure_plate.click_off
[19:48:59] [Render thread/WARN]: Missing sound for event: minecraft:block.wooden_pressure_plate.click_on
[19:48:59] [Render thread/WARN]: Missing sound for event: minecraft:block.wood.break
[19:48:59] [Render thread/WARN]: Missing sound for event: minecraft:block.wood.fall
[19:48:59] [Render thread/WARN]: Missing sound for event: minecraft:block.wood.hit
[19:48:59] [Render thread/WARN]: Missing sound for event: minecraft:block.wood.place
[19:48:59] [Render thread/WARN]: Missing sound for event: minecraft:block.wood.step
[19:48:59] [Render thread/WARN]: Missing sound for event: minecraft:block.wool.break
[19:48:59] [Render thread/WARN]: Missing sound for event: minecraft:block.wool.fall
[19:48:59] [Render thread/WARN]: Missing sound for event: minecraft:block.wool.hit
[19:48:59] [Render thread/WARN]: Missing sound for event: minecraft:block.wool.place
[19:48:59] [Render thread/WARN]: Missing sound for event: minecraft:block.wool.step
[19:48:59] [Render thread/WARN]: Missing sound for event: minecraft:entity.zoglin.ambient
[19:48:59] [Render thread/WARN]: Missing sound for event: minecraft:entity.zoglin.angry
[19:48:59] [Render thread/WARN]: Missing sound for event: minecraft:entity.zoglin.attack
[19:48:59] [Render thread/WARN]: Missing sound for event: minecraft:entity.zoglin.death
[19:48:59] [Render thread/WARN]: Missing sound for event: minecraft:entity.zoglin.hurt
[19:48:59] [Render thread/WARN]: Missing sound for event: minecraft:entity.zoglin.step
[19:48:59] [Render thread/WARN]: Missing sound for event: minecraft:entity.zombie.ambient
[19:48:59] [Render thread/WARN]: Missing sound for event: minecraft:entity.zombie.attack_wooden_door
[19:48:59] [Render thread/WARN]: Missing sound for event: minecraft:entity.zombie.attack_iron_door
[19:48:59] [Render thread/WARN]: Missing sound for event: minecraft:entity.zombie.break_wooden_door
[19:48:59] [Render thread/WARN]: Missing sound for event: minecraft:entity.zombie.converted_to_drowned
[19:48:59] [Render thread/WARN]: Missing sound for event: minecraft:entity.zombie.death
[19:48:59] [Render thread/WARN]: Missing sound for event: minecraft:entity.zombie.destroy_egg
[19:48:59] [Render thread/WARN]: Missing sound for event: minecraft:entity.zombie_horse.ambient
[19:48:59] [Render thread/WARN]: Missing sound for event: minecraft:entity.zombie_horse.angry
[19:48:59] [Render thread/WARN]: Missing sound for event: minecraft:entity.zombie_horse.death
[19:48:59] [Render thread/WARN]: Missing sound for event: minecraft:entity.zombie_horse.eat
[19:48:59] [Render thread/WARN]: Missing sound for event: minecraft:entity.zombie_horse.hurt
[19:48:59] [Render thread/WARN]: Missing sound for event: minecraft:entity.zombie.hurt
[19:48:59] [Render thread/WARN]: Missing sound for event: minecraft:entity.zombie.infect
[19:48:59] [Render thread/WARN]: Missing sound for event: minecraft:entity.zombie_nautilus.ambient
[19:48:59] [Render thread/WARN]: Missing sound for event: minecraft:entity.zombie_nautilus.ambient_land
[19:48:59] [Render thread/WARN]: Missing sound for event: minecraft:entity.zombie_nautilus.dash
[19:48:59] [Render thread/WARN]: Missing sound for event: minecraft:entity.zombie_nautilus.dash_land
[19:48:59] [Render thread/WARN]: Missing sound for event: minecraft:entity.zombie_nautilus.dash_ready
[19:48:59] [Render thread/WARN]: Missing sound for event: minecraft:entity.zombie_nautilus.dash_ready_land
[19:48:59] [Render thread/WARN]: Missing sound for event: minecraft:entity.zombie_nautilus.death
[19:48:59] [Render thread/WARN]: Missing sound for event: minecraft:entity.zombie_nautilus.death_land
[19:48:59] [Render thread/WARN]: Missing sound for event: minecraft:entity.zombie_nautilus.eat
[19:48:59] [Render thread/WARN]: Missing sound for event: minecraft:entity.zombie_nautilus.hurt
[19:48:59] [Render thread/WARN]: Missing sound for event: minecraft:entity.zombie_nautilus.hurt_land
[19:48:59] [Render thread/WARN]: Missing sound for event: minecraft:entity.zombie_nautilus.swim
[19:48:59] [Render thread/WARN]: Missing sound for event: minecraft:entity.zombified_piglin.ambient
[19:48:59] [Render thread/WARN]: Missing sound for event: minecraft:entity.zombified_piglin.angry
[19:48:59] [Render thread/WARN]: Missing sound for event: minecraft:entity.zombified_piglin.death
[19:48:59] [Render thread/WARN]: Missing sound for event: minecraft:entity.zombified_piglin.hurt
[19:48:59] [Render thread/WARN]: Missing sound for event: minecraft:entity.zombie.step
[19:48:59] [Render thread/WARN]: Missing sound for event: minecraft:entity.zombie_villager.ambient
[19:48:59] [Render thread/WARN]: Missing sound for event: minecraft:entity.zombie_villager.converted
[19:48:59] [Render thread/WARN]: Missing sound for event: minecraft:entity.zombie_villager.cure
[19:48:59] [Render thread/WARN]: Missing sound for event: minecraft:entity.zombie_villager.death
[19:48:59] [Render thread/WARN]: Missing sound for event: minecraft:entity.zombie_villager.hurt
[19:48:59] [Render thread/WARN]: Missing sound for event: minecraft:entity.zombie_villager.step
[19:48:59] [Render thread/WARN]: Missing sound for event: minecraft:event.mob_effect.bad_omen
[19:48:59] [Render thread/WARN]: Missing sound for event: minecraft:event.mob_effect.trial_omen
[19:48:59] [Render thread/WARN]: Missing sound for event: minecraft:event.mob_effect.raid_omen
[19:48:59] [Render thread/WARN]: Missing sound for event: minecraft:item.saddle.unequip
[19:48:59] [Render thread/WARN]: Missing sound for event: minecraft:item.nautilus_saddle_underwater_equip
[19:48:59] [Render thread/WARN]: Missing sound for event: minecraft:item.nautilus_saddle_equip
[19:48:59] [Render thread/INFO]: OpenAL initialized on device OpenAL Soft on 34UM95 (2- インテル(R) ディスプレイ用オーディオ)
[19:48:59] [Render thread/INFO]: Sound engine started
[19:49:00] [Worker-Main-7/INFO]: Found unifont_jp_patch-17.0.01.hex, loading
[19:49:00] [Worker-Main-1/WARN]: Missing block model: minecraft:builtin/entity
[19:49:01] [Worker-Main-1/WARN]: Missing textures in model minecraft:block/hopper_side:
    minecraft:block_or_item:minecraft:break/hopper
[19:49:01] [Worker-Main-1/WARN]: Missing textures in model minecraft:block/hopper:
    minecraft:block_or_item:minecraft:break/hopper
[19:49:01] [Worker-Main-1/WARN]: Missing texture references in model minecraft:item/end_crystal:
    particle
[19:49:03] [Render thread/INFO]: OpenAL initialized on device OpenAL Soft on 34UM95 (2- インテル(R) ディスプレイ用オーディオ)
[19:49:03] [Render thread/INFO]: Sound engine started
[19:49:03] [Render thread/INFO]: Created: 2048x2048x0 minecraft:textures/atlas/particles.png-atlas
[19:49:03] [Render thread/INFO]: Created: 128x128x0 minecraft:textures/atlas/decorated_pot.png-atlas
[19:49:03] [Render thread/INFO]: Created: 2048x1024x0 minecraft:textures/atlas/armor_trims.png-atlas
[19:49:03] [Render thread/INFO]: Created: 512x256x0 minecraft:textures/atlas/paintings.png-atlas
[19:49:03] [Render thread/INFO]: Created: 1024x512x0 minecraft:textures/atlas/shield_patterns.png-atlas
[19:49:03] [Render thread/INFO]: Created: 1024x512x0 minecraft:textures/atlas/blocks.png-atlas
[19:49:03] [Render thread/INFO]: Created: 512x512x0 minecraft:textures/atlas/chest.png-atlas
[19:49:03] [Render thread/INFO]: Created: 256x128x0 minecraft:textures/atlas/celestials.png-atlas
[19:49:03] [Render thread/INFO]: Created: 1024x512x0 minecraft:textures/atlas/banner_patterns.png-atlas
[19:49:03] [Render thread/INFO]: Created: 512x512x0 minecraft:textures/atlas/beds.png-atlas
[19:49:03] [Render thread/INFO]: Created: 1024x512x0 minecraft:textures/atlas/items.png-atlas
[19:49:04] [Render thread/INFO]: Created: 1024x1024x0 minecraft:textures/atlas/gui.png-atlas
[19:49:04] [Render thread/INFO]: Created: 128x64x0 minecraft:textures/atlas/map_decorations.png-atlas
[19:49:04] [Render thread/INFO]: Created: 512x256x0 minecraft:textures/atlas/signs.png-atlas
[19:49:04] [Render thread/INFO]: Created: 512x512x0 minecraft:textures/atlas/shulker_boxes.png-atlas
[19:49:05] [Render thread/INFO]: 29675 cache(s) were cleared!
[19:49:14] [Render thread/INFO]: Connecting to 127.0.0.1, 25565
[19:49:17] [Render thread/INFO]: Started 2 worker threads
[19:49:17] [Render thread/INFO]: [voicechat] Sending secret request to the server
[19:49:17] [Render thread/INFO]: [ShulkerBoxTooltip Plugins] Loading 1 plugin: shulkerboxtooltip
[19:49:17] [Render thread/INFO]: [ShulkerBoxTooltip Plugins] Registered 20 color keys for mod shulkerboxtooltip
[19:49:17] [Render thread/INFO]: [ShulkerBoxTooltip Plugins] Registered 51 providers for mod shulkerboxtooltip
[19:49:17] [InventoryHUD+ version check/INFO]: [STDOUT]: [InventoryHUD+] Can't find update string
[19:49:17] [OpSec-Log-Worker/INFO]: [Translation:minecraft:system_chat] 'multiplayer.player.joined' '%s joined the game' -> '%s joined the game'
[19:49:17] [Render thread/INFO]: [System] [CHAT] Ifuto_mitai joined the game
[19:49:17] [Render thread/INFO]: Loaded 1584 advancements
[19:49:17] [OpSec-Log-Worker/INFO]: [Translation:unknown] 'trim_pattern.minecraft.bolt' 'Bolt Armor Trim' -> 'Bolt Armor Trim'
[19:49:17] [OpSec-Log-Worker/INFO]: [Translation:unknown] 'trim_material.minecraft.lapis' 'Lapis Material' -> 'Lapis Material'
[19:49:17] [OpSec-Log-Worker/INFO]: [Translation:unknown] 'trim_material.minecraft.emerald' 'Emerald Material' -> 'Emerald Material'
[19:49:17] [OpSec-Log-Worker/INFO]: [Translation:unknown] 'trim_material.minecraft.netherite' 'Netherite Material' -> 'Netherite Material'
[19:49:17] [OpSec-Log-Worker/INFO]: [Translation:unknown] 'trim_material.minecraft.gold' 'Gold Material' -> 'Gold Material'
[19:49:17] [OpSec-Log-Worker/INFO]: [Translation:unknown] 'trim_material.minecraft.amethyst' 'Amethyst Material' -> 'Amethyst Material'
[19:49:17] [OpSec-Log-Worker/INFO]: [Translation:unknown] 'trim_material.minecraft.diamond' 'Diamond Material' -> 'Diamond Material'
[19:49:17] [OpSec-Log-Worker/INFO]: [Translation:unknown] 'trim_material.minecraft.quartz' 'Quartz Material' -> 'Quartz Material'
[19:49:17] [OpSec-Log-Worker/INFO]: [Translation:unknown] 'trim_material.minecraft.redstone' 'Redstone Material' -> 'Redstone Material'
[19:49:17] [OpSec-Log-Worker/INFO]: [Translation:unknown] 'trim_material.minecraft.copper' 'Copper Material' -> 'Copper Material'
[19:49:17] [OpSec-Log-Worker/INFO]: [Translation:unknown] 'trim_pattern.minecraft.coast' 'Coast Armor Trim' -> 'Coast Armor Trim'
[19:49:17] [OpSec-Log-Worker/INFO]: [Translation:unknown] 'trim_material.minecraft.iron' 'Iron Material' -> 'Iron Material'
[19:49:17] [OpSec-Log-Worker/INFO]: [Translation:unknown] 'trim_material.minecraft.resin' 'Resin Material' -> 'Resin Material'
[19:49:17] [OpSec-Log-Worker/INFO]: [Translation:unknown] 'trim_pattern.minecraft.dune' 'Dune Armor Trim' -> 'Dune Armor Trim'
[19:49:17] [OpSec-Log-Worker/INFO]: [Translation:unknown] 'trim_pattern.minecraft.eye' 'Eye Armor Trim' -> 'Eye Armor Trim'
[19:49:17] [OpSec-Log-Worker/INFO]: [Translation:unknown] 'trim_pattern.minecraft.flow' 'Flow Armor Trim' -> 'Flow Armor Trim'
[19:49:17] [OpSec-Log-Worker/INFO]: [Translation:unknown] 'trim_pattern.minecraft.host' 'Host Armor Trim' -> 'Host Armor Trim'
[19:49:17] [OpSec-Log-Worker/INFO]: [Translation:unknown] 'trim_pattern.minecraft.raiser' 'Raiser Armor Trim' -> 'Raiser Armor Trim'
[19:49:17] [OpSec-Log-Worker/INFO]: [Translation:unknown] 'trim_pattern.minecraft.rib' 'Rib Armor Trim' -> 'Rib Armor Trim'
[19:49:17] [OpSec-Log-Worker/INFO]: [Translation:unknown] 'trim_pattern.minecraft.sentry' 'Sentry Armor Trim' -> 'Sentry Armor Trim'
[19:49:17] [OpSec-Log-Worker/INFO]: [Translation:unknown] 'trim_pattern.minecraft.shaper' 'Shaper Armor Trim' -> 'Shaper Armor Trim'
[19:49:17] [OpSec-Log-Worker/INFO]: [Translation:unknown] 'trim_pattern.minecraft.silence' 'Silence Armor Trim' -> 'Silence Armor Trim'
[19:49:17] [OpSec-Log-Worker/INFO]: [Translation:unknown] 'trim_pattern.minecraft.snout' 'Snout Armor Trim' -> 'Snout Armor Trim'
[19:49:17] [OpSec-Log-Worker/INFO]: [Translation:unknown] 'trim_pattern.minecraft.spire' 'Spire Armor Trim' -> 'Spire Armor Trim'
[19:49:17] [OpSec-Log-Worker/INFO]: [Translation:unknown] 'trim_pattern.minecraft.tide' 'Tide Armor Trim' -> 'Tide Armor Trim'
[19:49:17] [Render thread/INFO]: [System] [CHAT] [ViaVersion] There is a newer plugin version available: 5.11.0, you're on: 5.10.0
[19:49:17] [OpSec-Log-Worker/INFO]: [Translation:unknown] 'trim_pattern.minecraft.vex' 'Vex Armor Trim' -> 'Vex Armor Trim'
[19:49:17] [OpSec-Log-Worker/INFO]: [Translation:unknown] 'trim_pattern.minecraft.ward' 'Ward Armor Trim' -> 'Ward Armor Trim'
[19:49:17] [OpSec-Log-Worker/INFO]: [Translation:unknown] 'trim_pattern.minecraft.wayfinder' 'Wayfinder Armor Trim' -> 'Wayfinder Armor Trim'
[19:49:17] [OpSec-Log-Worker/INFO]: [Translation:unknown] 'trim_pattern.minecraft.wild' 'Wild Armor Trim' -> 'Wild Armor Trim'
[19:49:17] [OpSec-Log-Worker/INFO]: [Translation:unknown] 'jukebox_song.minecraft.5' 'Samuel Åberg - 5' -> 'Samuel Åberg - 5'
[19:49:18] [Render thread/INFO]: Resizing Dynamic Transforms UBO, capacity limit of 2 reached during a single frame. New capacity will be 4.
[19:49:18] [Render thread/INFO]: Resizing Dynamic Transforms UBO, capacity limit of 4 reached during a single frame. New capacity will be 8.
[19:49:21] [Render thread/INFO]: [Flash Replay] Recording started -> C:\Users\********\AppData\Roaming\PrismLauncher\instances\1.21.11(1)\minecraft\replays\replay-20260813-194921.fpr
[19:49:30] [Render thread/INFO]: [Flash Replay] Recording saved -> C:\Users\********\AppData\Roaming\PrismLauncher\instances\1.21.11(1)\minecraft\replays\replay-20260813-194921.fpr
[19:49:33] [Render thread/INFO]: [voicechat] Clearing audio channels
[19:49:33] [Render thread/INFO]: Stopping worker threads
[19:49:35] [Render thread/ERROR]: Reported exception thrown!
net.minecraft.class_148: Rendering screen
	at knot//net.minecraft.class_757.method_3192(class_757.java:545)
	at knot//net.minecraft.class_310.method_1523(class_310.java:1393)
	at knot//net.minecraft.class_310.method_1514(class_310.java:966)
	at knot//net.minecraft.client.main.Main.main(Main.java:250)
	at net.fabricmc.loader.impl.game.minecraft.MinecraftGameProvider.launch(MinecraftGameProvider.java:514)
	at net.fabricmc.loader.impl.launch.knot.Knot.launch(Knot.java:72)
	at net.fabricmc.loader.impl.launch.knot.KnotClient.main(KnotClient.java:23)
	at org.prismlauncher.launcher.impl.StandardLauncher.launch(StandardLauncher.java:115)
	at org.prismlauncher.EntryPoint.listen(EntryPoint.java:129)
	at org.prismlauncher.EntryPoint.main(EntryPoint.java:70)
Caused by: java.lang.IllegalStateException: Can only blur once per frame
	at knot//net.minecraft.class_11246.method_71299(class_11246.java:44)
	at knot//net.minecraft.class_332.method_71278(class_332.java:143)
	at knot//net.minecraft.class_437.method_57734(class_437.java:390)
	at knot//net.minecraft.class_437.method_25420(class_437.java:380)
	at knot//dev.ifuto.fpsreplay.client.ReplayListScreen.method_25394(ReplayListScreen.java:82)
	at knot//net.minecraft.class_437.method_47413(class_437.java:119)
	at knot//net.minecraft.class_757.mixinextras$bridge$method_47413$73(class_757.java)
	at knot//net.minecraft.class_757.wrapOperation$bgi000$fabric-screen-api-v1$onRenderScreen(class_757.java:2986)
	at knot//net.minecraft.class_757.mixinextras$bridge$wrapOperation$bgi000$fabric-screen-api-v1$onRenderScreen$74(class_757.java)
	at knot//net.minecraft.class_757.wrapOperation$zcm000$architectury$wrapRenderScreen(class_757.java:6491)
	at knot//net.minecraft.class_757.method_3192(class_757.java:537)
	... 9 more
---- Minecraft Crash Report ----
// Don't be sad, have a hug! <3
Time: 2026-08-13 19:49:36
Description: Rendering screen
java.lang.IllegalStateException: Can only blur once per frame
	at knot//net.minecraft.class_11246.method_71299(class_11246.java:44)
	at knot//net.minecraft.class_332.method_71278(class_332.java:143)
	at knot//net.minecraft.class_437.method_57734(class_437.java:390)
	at knot//net.minecraft.class_437.method_25420(class_437.java:380)
	at knot//dev.ifuto.fpsreplay.client.ReplayListScreen.method_25394(ReplayListScreen.java:82)
	at knot//net.minecraft.class_437.method_47413(class_437.java:119)
	at knot//net.minecraft.class_757.mixinextras$bridge$method_47413$73(class_757.java)
	at knot//net.minecraft.class_757.wrapOperation$bgi000$fabric-screen-api-v1$onRenderScreen(class_757.java:2986)
	at knot//net.minecraft.class_757.mixinextras$bridge$wrapOperation$bgi000$fabric-screen-api-v1$onRenderScreen$74(class_757.java)
	at knot//net.minecraft.class_757.wrapOperation$zcm000$architectury$wrapRenderScreen(class_757.java:6491)
	at knot//net.minecraft.class_757.method_3192(class_757.java:537)
	at knot//net.minecraft.class_310.method_1523(class_310.java:1393)
	at knot//net.minecraft.class_310.method_1514(class_310.java:966)
	at knot//net.minecraft.client.main.Main.main(Main.java:250)
	at net.fabricmc.loader.impl.game.minecraft.MinecraftGameProvider.launch(MinecraftGameProvider.java:514)
	at net.fabricmc.loader.impl.launch.knot.Knot.launch(Knot.java:72)
	at net.fabricmc.loader.impl.launch.knot.KnotClient.main(KnotClient.java:23)
	at org.prismlauncher.launcher.impl.StandardLauncher.launch(StandardLauncher.java:115)
	at org.prismlauncher.EntryPoint.listen(EntryPoint.java:129)
	at org.prismlauncher.EntryPoint.main(EntryPoint.java:70)
A detailed walkthrough of the error, its code path and all known details is as follows:
---------------------------------------------------------------------------------------
-- Head --
Thread: Render thread
Stacktrace:
	at knot//net.minecraft.class_11246.method_71299(class_11246.java:44)
	at knot//net.minecraft.class_332.method_71278(class_332.java:143)
	at knot//net.minecraft.class_437.method_57734(class_437.java:390)
	at knot//net.minecraft.class_437.method_25420(class_437.java:380)
	at knot//dev.ifuto.fpsreplay.client.ReplayListScreen.method_25394(ReplayListScreen.java:82)
	at knot//net.minecraft.class_437.method_47413(class_437.java:119)
	at knot//net.minecraft.class_757.mixinextras$bridge$method_47413$73(class_757.java)
	at knot//net.minecraft.class_757.wrapOperation$bgi000$fabric-screen-api-v1$onRenderScreen(class_757.java:2986)
	at knot//net.minecraft.class_757.mixinextras$bridge$wrapOperation$bgi000$fabric-screen-api-v1$onRenderScreen$74(class_757.java)
	at knot//net.minecraft.class_757.wrapOperation$zcm000$architectury$wrapRenderScreen(class_757.java:6491)
-- Screen render details --
Details:
	Screen name: dev.ifuto.fpsreplay.client.ReplayListScreen
	Mouse location: Scaled: (68.500000, 36.000000). Absolute: (137.000000, 72.000000)
	Screen size: Scaled: (427, 240). Absolute: (854, 480). Scale factor of 2
Stacktrace:
	at knot//net.minecraft.class_757.method_3192(class_757.java:537)
	at knot//net.minecraft.class_310.method_1523(class_310.java:1393)
	at knot//net.minecraft.class_310.method_1514(class_310.java:966)
	at knot//net.minecraft.client.main.Main.main(Main.java:250)
	at net.fabricmc.loader.impl.game.minecraft.MinecraftGameProvider.launch(MinecraftGameProvider.java:514)
	at net.fabricmc.loader.impl.launch.knot.Knot.launch(Knot.java:72)
	at net.fabricmc.loader.impl.launch.knot.KnotClient.main(KnotClient.java:23)
	at org.prismlauncher.launcher.impl.StandardLauncher.launch(StandardLauncher.java:115)
	at org.prismlauncher.EntryPoint.listen(EntryPoint.java:129)
	at org.prismlauncher.EntryPoint.main(EntryPoint.java:70)
-- Uptime --
Details:
	JVM uptime: 57.096s
	Wall uptime: 42.338s
	High-res time: 39.404s
	Client ticks: 654 ticks / 32.700s
Stacktrace:
	at knot//net.minecraft.class_310.method_1587(class_310.java:2477)
	at knot//net.minecraft.class_310.method_54580(class_310.java:1035)
	at knot//net.minecraft.class_310.method_1514(class_310.java:987)
	at knot//net.minecraft.client.main.Main.main(Main.java:250)
	at net.fabricmc.loader.impl.game.minecraft.MinecraftGameProvider.launch(MinecraftGameProvider.java:514)
	at net.fabricmc.loader.impl.launch.knot.Knot.launch(Knot.java:72)
	at net.fabricmc.loader.impl.launch.knot.KnotClient.main(KnotClient.java:23)
	at org.prismlauncher.launcher.impl.StandardLauncher.launch(StandardLauncher.java:115)
	at org.prismlauncher.EntryPoint.listen(EntryPoint.java:129)
	at org.prismlauncher.EntryPoint.main(EntryPoint.java:70)
-- Last reload --
Details:
	Reload number: 1
	Reload reason: initial
	Finished: Yes
	Packs: vanilla, appleskin, betterpingdisplay, chat_heads, chatanimation, cloth-config, conditional-mixin, crosshairaddons, damagetintplus, disablefog, dynamic_fps, entityculling, fabric-api, fabric-api-base, fabric-api-lookup-api-v1, fabric-biome-api-v1, fabric-block-api-v1, fabric-block-view-api-v2, fabric-command-api-v2, fabric-content-registries-v0, fabric-convention-tags-v1, fabric-convention-tags-v2, fabric-crash-report-info-v1, fabric-data-attachment-api-v1, fabric-data-generation-api-v1, fabric-dimensions-v1, fabric-entity-events-v1, fabric-events-interaction-v0, fabric-game-rule-api-v1, fabric-item-api-v1, fabric-item-group-api-v1, fabric-key-binding-api-v1, fabric-language-kotlin, fabric-lifecycle-events-v1, fabric-loot-api-v2, fabric-loot-api-v3, fabric-message-api-v1, fabric-model-loading-api-v1, fabric-networking-api-v1, fabric-object-builder-api-v1, fabric-particles-v1, fabric-recipe-api-v1, fabric-registry-sync-v0, fabric-renderer-api-v1, fabric-renderer-indigo, fabric-rendering-fluids-v1, fabric-rendering-v1, fabric-resource-conditions-api-v1, fabric-resource-loader-v0, fabric-resource-loader-v1, fabric-screen-api-v1, fabric-screen-handler-api-v1, fabric-serialization-api-v1, fabric-sound-api-v1, fabric-tag-api-v1, fabric-transfer-api-v1, fabric-transitive-access-wideners-v1, fabricloader, flash-replay, fullbright, healthindicators, immediatelyfast, inventoryhud, jptiertag, krypton, lithium, maptooltip, marlowcrystal, modmenu, moreculling, opsec, placeholder-api, shieldstatus, shulkerboxtooltip, smoothhud, sodium, totemcounter, trender, ukulib, voicechat, walksylib, wi_zoom, yet_another_config_lib_v3, file/Vanilla+ 1.21.11.zip, file/Low Fire 1.21.11.zip
-- System Details --
Details:
	Minecraft Version: 1.21.11
	Minecraft Version ID: 1.21.11
	Operating System: Windows 10 (amd64) version 10.0
	Java Version: 21.0.7, Microsoft
	Java VM Version: OpenJDK 64-Bit Server VM (mixed mode), Microsoft
	Memory: 188909296 bytes (180 MiB) / 545259520 bytes (520 MiB) up to 1073741824 bytes (1024 MiB)
	CPUs: 8
	Processor Vendor: GenuineIntel
	Processor Name: Intel(R) Core(TM) i7-6700 CPU @ 3.40GHz
	Identifier: Intel64 Family 6 Model 94 Stepping 3
	Microarchitecture: Skylake (Client)
	Frequency (GHz): 3.41
	Number of physical packages: 1
	Number of physical CPUs: 4
	Number of logical CPUs: 8
	Graphics card #0 name: Intel(R) HD Graphics 630
	Graphics card #0 vendor: Intel Corporation
	Graphics card #0 VRAM (MiB): 1024.00
	Graphics card #0 deviceId: VideoController1
	Graphics card #0 versionInfo: 31.0.101.2140
	Graphics card #1 name: Intel(R) HD Graphics 530
	Graphics card #1 vendor: Intel Corporation
	Graphics card #1 VRAM (MiB): 1024.00
	Graphics card #1 deviceId: VideoController2
	Graphics card #1 versionInfo: 31.0.101.2111
	Memory slot #0 capacity (MiB): 8192.00
	Memory slot #0 clockSpeed (GHz): 2.13
	Memory slot #0 type: DDR4
	Memory slot #1 capacity (MiB): 4096.00
	Memory slot #1 clockSpeed (GHz): 2.40
	Memory slot #1 type: DDR4
	Virtual memory max (MiB): 24926.85
	Virtual memory used (MiB): 17860.85
	Swap memory total (MiB): 12721.23
	Swap memory used (MiB): 2306.94
	Space in storage for jna.tmpdir (MiB): <path not set>
	Space in storage for org.lwjgl.system.SharedLibraryExtractPath (MiB): <path not set>
	Space in storage for io.netty.native.workdir (MiB): <path not set>
	Space in storage for java.io.tmpdir (MiB): available: 55389.40, total: 228228.95
	Space in storage for workdir (MiB): available: 55389.40, total: 228228.95
	JVM Flags: 3 total; -XX:HeapDumpPath=MojangTricksIntelDriversForPerformance_javaw.exe_minecraft.exe.heapdump -Xms51m -Xmx1024m
	Debug Flags: 0 total; 
	Fabric Mods: 
		appleskin: AppleSkin 3.0.8+mc1.21.11
		architectury: Architectury 19.0.1
		betterpingdisplay: Better Ping Display 1.2.0
		chat_heads: Chat Heads 1.2.6
		chatanimation: ChatAnimation 1.3.0
		cloth-config: Cloth Config v20 21.11.153
			cloth-basic-math: cloth-basic-math 0.6.1
		crosshairaddons: Crosshair Addons 2.1.0-1.21.11
		damagetintplus: DamageTintPlus 1.0.6
		disablefog: Disable Fog 2.2.0
		dynamic_fps: Dynamic FPS 3.11.6
			net_lostluma_battery: battery 2.0.0
		entityculling: EntityCulling 1.10.5
			transition: TRansition 1.0.21
			trender: TRender 1.0.15
		fabric-api: Fabric API 0.141.6+1.21.11
			fabric-api-base: Fabric API Base 1.0.5+4ebb5c083e
			fabric-api-lookup-api-v1: Fabric API Lookup API (v1) 1.6.114+20dc27073e
			fabric-biome-api-v1: Fabric Biome API (v1) 17.1.1+4fc5413f3e
			fabric-block-api-v1: Fabric Block API (v1) 1.1.10+4ebb5c083e
			fabric-block-view-api-v2: Fabric BlockView API (v2) 1.0.39+4ebb5c083e
			fabric-command-api-v2: Fabric Command API (v2) 2.4.7+6b42a6003e
			fabric-content-registries-v0: Fabric Content Registries (v0) 10.2.14+4fc5413f3e
			fabric-convention-tags-v1: Fabric Convention Tags 2.1.55+7f945d5b3e
			fabric-convention-tags-v2: Fabric Convention Tags (v2) 2.17.3+8ef948ba3e
			fabric-crash-report-info-v1: Fabric Crash Report Info (v1) 0.3.23+4ebb5c083e
			fabric-data-attachment-api-v1: Fabric Data Attachment API (v1) 1.8.48+eed0806f3e
			fabric-data-generation-api-v1: Fabric Data Generation API (v1) 23.5.0+88d7da613e
			fabric-dimensions-v1: Fabric Dimensions API (v1) 4.0.28+4fc5413f3e
			fabric-entity-events-v1: Fabric Entity Events (v1) 3.1.1+1d0ab4303e
			fabric-events-interaction-v0: Fabric Events Interaction (v0) 4.1.1+3b89ecf63e
			fabric-game-rule-api-v1: Fabric Game Rule API (v1) 2.0.3+4fc5413f3e
			fabric-item-api-v1: Fabric Item API (v1) 11.6.0+67f17bb43e
			fabric-item-group-api-v1: Fabric Item Group API (v1) 4.2.36+4fc5413f3e
			fabric-key-binding-api-v1: Fabric Key Binding API (v1) 1.1.7+4fc5413f3e
			fabric-lifecycle-events-v1: Fabric Lifecycle Events (v1) 2.6.15+4ebb5c083e
			fabric-loot-api-v2: Fabric Loot API (v2) 3.0.73+3f89f5a53e
			fabric-loot-api-v3: Fabric Loot API (v3) 2.0.20+78c8b4663e
			fabric-message-api-v1: Fabric Message API (v1) 6.1.12+4ebb5c083e
			fabric-model-loading-api-v1: Fabric Model Loading API (v1) 6.0.15+4fc5413f3e
			fabric-networking-api-v1: Fabric Networking API (v1) 5.1.6+6b6d71a53e
			fabric-object-builder-api-v1: Fabric Object Builder API (v1) 21.1.40+4fc5413f3e
			fabric-particles-v1: Fabric Particles (v1) 4.2.12+4fc5413f3e
			fabric-recipe-api-v1: Fabric Recipe API (v1) 8.2.4+4ebb5c083e
			fabric-registry-sync-v0: Fabric Registry Sync (v0) 6.2.6+1718722b3e
			fabric-renderer-api-v1: Fabric Renderer API (v1) 8.0.3+f4ffd2e53e
			fabric-renderer-indigo: Fabric Renderer - Indigo 5.0.3+f4ffd2e53e
			fabric-rendering-fluids-v1: Fabric Rendering Fluids (v1) 3.1.43+4ebb5c083e
			fabric-rendering-v1: Fabric Rendering (v1) 16.2.10+0290ad933e
			fabric-resource-conditions-api-v1: Fabric Resource Conditions API (v1) 5.0.35+4fc5413f3e
			fabric-resource-loader-v0: Fabric Resource Loader (v0) 3.3.4+4fc5413f3e
			fabric-resource-loader-v1: Fabric Resource Loader (v1) 1.0.10+78c8b4663e
			fabric-screen-api-v1: Fabric Screen API (v1) 3.1.7+4ebb5c083e
			fabric-screen-handler-api-v1: Fabric Screen Handler API (v1) 1.3.162+4fc5413f3e
			fabric-serialization-api-v1: Fabric Serialization API (v1) 1.0.5+4ebb5c083e
			fabric-sound-api-v1: Fabric Sound API (v1) 1.0.51+4fc5413f3e
			fabric-tag-api-v1: Fabric Tag API (v1) 1.3.0+88d7da613e
			fabric-transfer-api-v1: Fabric Transfer API (v1) 6.0.25+4fc5413f3e
			fabric-transitive-access-wideners-v1: Fabric Transitive Access Wideners (v1) 7.1.0+014c8cec3e
		fabric-language-kotlin: Fabric Language Kotlin 1.13.13+kotlin.2.4.10
			org_jetbrains_kotlin_kotlin-reflect: kotlin-reflect 2.4.10
			org_jetbrains_kotlin_kotlin-stdlib: kotlin-stdlib 2.4.10
			org_jetbrains_kotlin_kotlin-stdlib-jdk7: kotlin-stdlib-jdk7 2.4.10
			org_jetbrains_kotlin_kotlin-stdlib-jdk8: kotlin-stdlib-jdk8 2.4.10
			org_jetbrains_kotlinx_atomicfu-jvm: atomicfu-jvm 0.33.0
			org_jetbrains_kotlinx_kotlinx-coroutines-core-jvm: kotlinx-coroutines-core-jvm 1.11.0
			org_jetbrains_kotlinx_kotlinx-coroutines-jdk8: kotlinx-coroutines-jdk8 1.11.0
			org_jetbrains_kotlinx_kotlinx-datetime-jvm: kotlinx-datetime-jvm 0.8.0
			org_jetbrains_kotlinx_kotlinx-io-bytestring-jvm: kotlinx-io-bytestring-jvm 0.9.1
			org_jetbrains_kotlinx_kotlinx-io-core-jvm: kotlinx-io-core-jvm 0.9.1
			org_jetbrains_kotlinx_kotlinx-serialization-cbor-jvm: kotlinx-serialization-cbor-jvm 1.11.0
			org_jetbrains_kotlinx_kotlinx-serialization-core-jvm: kotlinx-serialization-core-jvm 1.11.0
			org_jetbrains_kotlinx_kotlinx-serialization-json-jvm: kotlinx-serialization-json-jvm 1.11.0
		fabricloader: Fabric Loader 0.18.5
			mixinextras: MixinExtras 0.5.3
		ferritecore: FerriteCore 8.2.0
		flash-replay: Flash Replay 1.0.0
			org_jcodec_jcodec: jcodec 0.2.5
			org_jcodec_jcodec-javase: jcodec-javase 0.2.5
		fullbright: Fullbright 3.1.0
			elementa: Elementa 714
			universalcraft: UniversalCraft 446
		healthindicators: Health Indicators 21.11.1
		immediatelyfast: ImmediatelyFast 1.14.3+1.21.11
			net_lenni0451_reflect: Reflect 1.6.2
		inventoryhud: Inventory HUD + 3.4.29
		java: OpenJDK 64-Bit Server VM 21
		jptiertag: TierView 1.2.0+mc1.21.11
		krypton: Krypton 0.2.10
			com_velocitypowered_velocity-native: velocity-native 3.4.0-SNAPSHOT
		lithium: Lithium 0.21.4+mc1.21.11
		maptooltip: Map Tooltip 5.0.0
		marlowcrystal: Marlow's Crystal Optimizer 1.1.0
		minecraft: Minecraft 1.21.11
		modmenu: Mod Menu 17.0.1-beta.1
			placeholder-api: Placeholder API 2.8.2+1.21.10
		moreculling: More Culling 1.6.2
			conditional-mixin: conditional mixin 0.6.3
		opsec: OpSec 1.1.7.1
			mixinsquared: MixinSquared 0.3.7-beta.1
		shieldstatus: Shield Status 4.1.2-1.21.11
		shulkerboxtooltip: Shulker Box Tooltip 5.2.16+1.21.11
		smoothhud: SmoothHud 1.0.0
		sodium: Sodium 0.8.14-beta.1+mc1.21.11
		totemcounter: TotemCounter 1.11.2+mc1.21.11
		ukulib: ukulib 1.10.2+1.21.11
			com_moandjiezana_toml_toml4j: toml4j 0.7.2
		voicechat: Simple Voice Chat 1.21.11-2.6.21
			voicechat_api: Simple Voice Chat API 2.6.20
		walksylib: Walksy Lib 0.9.992+1.21.11
		wi_zoom: WI Zoom 1.7-MC1.21.11
		yet_another_config_lib_v3: YetAnotherConfigLib 3.8.2+1.21.11-fabric
			com_twelvemonkeys_common_common-image: common-image 3.12.0
			com_twelvemonkeys_common_common-io: common-io 3.12.0
			com_twelvemonkeys_common_common-lang: common-lang 3.12.0
			com_twelvemonkeys_imageio_imageio-core: imageio-core 3.12.0
			com_twelvemonkeys_imageio_imageio-metadata: imageio-metadata 3.12.0
			com_twelvemonkeys_imageio_imageio-webp: imageio-webp 3.12.0
			org_quiltmc_parsers_gson: gson 0.2.1
			org_quiltmc_parsers_json: json 0.2.1
	Launched Version: 1.21.11
	Launcher name: PrismLauncher
	Backend library: LWJGL version 3.3.3-snapshot
	Backend API: Intel(R) HD Graphics 530 GL version 3.3.0 - Build 31.0.101.2111, Intel
	Window size: 854x480
	GFLW Platform: win32
	Render Extensions: GL_ARB_buffer_storage, GL_KHR_debug, GL_ARB_vertex_attrib_binding, GL_ARB_direct_state_access, GL_EXT_texture_filter_anisotropic
	GL debug messages: 
	Is Modded: Definitely; Client brand changed to 'fabric'
	Universe: 400921fb54442d18
	Type: Client (map_client.txt)
	Transparency: regular
	Render Distance: 2/2 chunks
	Resource Packs: vanilla, appleskin (incompatible), betterpingdisplay, chat_heads, chatanimation, cloth-config, conditional-mixin, crosshairaddons, damagetintplus, disablefog (incompatible), dynamic_fps, entityculling, fabric-api, fabric-api-base, fabric-api-lookup-api-v1, fabric-biome-api-v1, fabric-block-api-v1, fabric-block-view-api-v2, fabric-command-api-v2, fabric-content-registries-v0, fabric-convention-tags-v1, fabric-convention-tags-v2, fabric-crash-report-info-v1, fabric-data-attachment-api-v1, fabric-data-generation-api-v1, fabric-dimensions-v1, fabric-entity-events-v1, fabric-events-interaction-v0, fabric-game-rule-api-v1, fabric-item-api-v1, fabric-item-group-api-v1, fabric-key-binding-api-v1, fabric-language-kotlin, fabric-lifecycle-events-v1, fabric-loot-api-v2, fabric-loot-api-v3, fabric-message-api-v1, fabric-model-loading-api-v1, fabric-networking-api-v1, fabric-object-builder-api-v1, fabric-particles-v1, fabric-recipe-api-v1, fabric-registry-sync-v0, fabric-renderer-api-v1, fabric-renderer-indigo, fabric-rendering-fluids-v1, fabric-rendering-v1, fabric-resource-conditions-api-v1, fabric-resource-loader-v0, fabric-resource-loader-v1, fabric-screen-api-v1, fabric-screen-handler-api-v1, fabric-serialization-api-v1, fabric-sound-api-v1, fabric-tag-api-v1, fabric-transfer-api-v1, fabric-transitive-access-wideners-v1, fabricloader, flash-replay, fullbright, healthindicators, immediatelyfast, inventoryhud, jptiertag, krypton, lithium, maptooltip, marlowcrystal, modmenu, moreculling, opsec, placeholder-api, shieldstatus, shulkerboxtooltip, smoothhud, sodium, totemcounter, trender, ukulib, voicechat, walksylib, wi_zoom, yet_another_config_lib_v3 (incompatible), file/Vanilla+ 1.21.11.zip, file/Low Fire 1.21.11.zip
	Current Language: en_us
	Locale: en_JP
	System encoding: MS932
	File encoding: UTF-8
	CPU: 8x Intel(R) Core(TM) i7-6700 CPU @ 3.40GHz
#@!@# Game crashed! Crash report saved to: #@!@# C:\Users\********\AppData\Roaming\PrismLauncher\instances\1.21.11(1)\minecraft\crash-reports\crash-2026-08-13_19.49.36-client.txt
Minecraftは終了コード -1 で終了しました。
Clipboard copy at: 13 Aug 2026 19:49:46 +0900
